train_number,date,sequence,is_origin,is_destination,station_code,station_name,scheduled_arrival_minutes,scheduled_departure_minutes,dwell_time_scheduled_mins,inter_station_scheduled_mins,platform_num,day_of_week,scheduled_hour,scheduled_departure_hour,delay_arrival_minutes,prev_delay_arrival,prev_delay_departure,delay_trend,journey_max_delay_so_far,journey_avg_delay_so_far,next_delay,target_delay_delta
10000,2024-01-15,1,1,0,JP,JP Station,182,184.19575984973147,2.1957598497314663,0.0,7,0,3,3,13,0,0,13,13,13,15.0,2.0
10000,2024-01-15,2,0,0,MUMBAI,MUMBAI Station,1420,1421.6208636486492,1.6208636486492953,120.99868810035079,2,0,23,23,15,15,15,15,15,14,11.0,-4.0
10000,2024-01-15,3,0,0,BSL,BSL Station,922,926.3099754536341,4.30997545363414,127.44638234641441,7,0,15,15,11,11,11,11,11,13,9.0,-2.0
10000,2024-01-15,4,0,0,HDP,HDP Station,587,592.0458297866256,5.045829786625658,140.78325432538665,2,0,9,9,9,9,9,9,9,12,1.0,-8.0
10000,2024-01-15,5,0,0,AK,AK Station,598,601.7523945480193,3.7523945480192586,77.97205508856547,3,0,9,9,1,1,1,1,1,9,5.0,4.0
10000,2024-01-15,6,0,0,NGP,NGP Station,1339,1342.3757392755188,3.3757392755188147,96.9289641899395,8,0,22,22,5,5,5,5,5,8,0.0,-5.0
10000,2024-01-15,7,0,0,BPL,BPL Station,804,809.6828907859882,5.682890785988194,93.49666023982942,6,0,13,13,0,0,0,0,0,6,6.0,6.0
10000,2024-01-15,8,0,0,MAS,MAS Station,35,36.53797749465902,1.537977494659018,105.74169207484904,5,0,0,0,6,6,6,6,6,6,0.0,-6.0
10000,2024-01-15,9,0,0,PUNE,PUNE Station,256,257.8981785250787,1.8981785250787104,98.36237043911173,3,0,4,4,0,0,0,0,0,5,6.0,6.0
10001,2024-01-16,1,1,0,MAS,MAS Station,1003,1006.806940005538,3.8069400055379936,0.0,5,1,16,16,7,0,0,7,7,7,0.0,-7.0
10001,2024-01-16,2,0,0,MUMBAI,MUMBAI Station,383,386.7598629525088,3.7598629525087977,102.12258726198169,3,1,6,6,0,0,0,0,0,3,3.0,3.0
10001,2024-01-16,3,0,0,AMI,AMI Station,920,922.0859399361734,2.0859399361733795,73.72957806079953,3,1,15,15,3,3,3,3,3,3,2.0,-1.0
10001,2024-01-16,4,0,0,BSL,BSL Station,902,905.1387183073266,3.1387183073266454,72.32285127597734,6,1,15,15,2,2,2,2,2,2,3.0,1.0
10001,2024-01-16,5,0,0,NGP,NGP Station,161,164.53668104052244,3.536681040522425,101.21569052736469,1,1,2,2,3,3,3,3,3,2,0.0,-3.0
10001,2024-01-16,6,0,0,JP,JP Station,714,719.668386515829,5.668386515828942,58.97132111818696,8,1,11,11,0,0,0,0,0,1,0.0,0.0
10001,2024-01-16,7,0,0,BPL,BPL Station,1266,1271.1560344925003,5.156034492500291,90.14612745481264,1,1,21,21,0,0,0,0,0,0,0.0,0.0
10002,2024-01-17,1,1,0,PUNE,PUNE Station,351,351.01269332020286,0.012693320202878944,0.0,8,2,5,5,8,0,0,8,8,8,4.0,-4.0
10002,2024-01-17,2,0,0,HDP,HDP Station,239,242.824364517594,3.8243645175940006,64.5825638624792,4,2,3,3,4,4,4,4,4,6,0.0,-4.0
10002,2024-01-17,3,0,0,BPL,BPL Station,234,235.06317583029573,1.0631758302957257,87.85611049677748,3,2,3,3,0,0,0,0,0,4,0.0,0.0
10002,2024-01-17,4,0,0,JP,JP Station,1045,1048.7574809184707,3.7574809184706854,107.31510388340243,5,2,17,17,0,0,0,0,0,3,6.0,6.0
10002,2024-01-17,5,0,0,AK,AK Station,773,777.2475628654638,4.247562865463771,108.90763380175135,5,2,12,12,6,6,6,6,6,3,6.0,0.0
10002,2024-01-17,6,0,0,AMI,AMI Station,784,785.0097523507961,1.0097523507961546,126.87431595503692,3,2,13,13,6,6,6,6,6,3,0.0,-6.0
10002,2024-01-17,7,0,0,BSL,BSL Station,255,259.161951080144,4.161951080144005,89.61115718200904,7,2,4,4,0,0,0,0,0,2,0.0,0.0
10002,2024-01-17,8,0,0,MUMBAI,MUMBAI Station,996,1001.4486169558975,5.448616955897453,61.397172440787344,5,2,16,16,0,0,0,0,0,1,7.0,7.0
10002,2024-01-17,9,0,0,MAS,MAS Station,724,728.1339029226875,4.133902922687478,109.45265733797582,7,2,12,12,7,7,7,7,7,1,5.0,-2.0
10003,2024-01-18,1,1,0,AMI,AMI Station,1065,1067.5935566067483,2.593556606748392,0.0,2,3,17,17,5,0,0,5,5,5,10.0,5.0
10003,2024-01-18,2,0,0,HDP,HDP Station,196,198.35496192122514,2.354961921225126,66.88968179821032,2,3,3,3,10,10,10,10,10,7,3.0,-7.0
10003,2024-01-18,3,0,0,BSL,BSL Station,303,304.43555790959573,1.4355579095957232,116.52943336638096,8,3,5,5,3,3,3,3,3,5,5.0,2.0
10003,2024-01-18,4,0,0,BPL,BPL Station,156,160.31513197492848,4.315131974928488,104.94587210246523,1,3,2,2,5,5,5,5,5,5,2.0,-3.0
10003,2024-01-18,5,0,0,MAS,MAS Station,1337,1340.738211550905,3.738211550904993,59.45094748331178,7,3,22,22,2,2,2,2,2,4,2.0,0.0
10003,2024-01-18,6,0,0,MUMBAI,MUMBAI Station,1042,1046.6481652779808,4.648165277980786,81.84169294457408,1,3,17,17,2,2,2,2,2,3,0.0,-2.0
10003,2024-01-18,7,0,0,JP,JP Station,1127,1127.6825015771044,0.682501577104504,73.14529807026156,3,3,18,18,0,0,0,0,0,2,2.0,2.0
10003,2024-01-18,8,0,0,PUNE,PUNE Station,390,392.0803579756374,2.0803579756374333,91.93991929985437,5,3,6,6,2,2,2,2,2,2,0.0,-2.0
10004,2024-01-19,1,1,0,BPL,BPL Station,1149,1151.9867744306314,2.9867744306312884,0.0,1,4,19,19,1,0,0,1,1,1,1.0,0.0
10004,2024-01-19,2,0,0,PUNE,PUNE Station,386,389.3057340912912,3.3057340912912005,80.57923388763355,5,4,6,6,1,1,1,1,1,1,0.0,-1.0
10004,2024-01-19,3,0,0,MUMBAI,MUMBAI Station,407,410.4348242173057,3.434824217305689,86.25550087302372,4,4,6,6,0,0,0,0,0,0,4.0,4.0
10004,2024-01-19,4,0,0,AMI,AMI Station,773,778.7911670811787,5.791167081178749,69.61317065519857,3,4,12,12,4,4,4,4,4,1,3.0,-1.0
10004,2024-01-19,5,0,0,JP,JP Station,824,826.9722302960114,2.972230296011415,84.22682722159723,4,4,13,13,3,3,3,3,3,1,1.0,-2.0
10004,2024-01-19,6,0,0,MAS,MAS Station,302,303.75915358467154,1.7591535846715156,99.8537296760081,1,4,5,5,1,1,1,1,1,1,4.0,3.0
10004,2024-01-19,7,0,0,BSL,BSL Station,457,462.0382249499991,5.038224949999093,84.27306967668162,5,4,7,7,4,4,4,4,4,1,0.0,-4.0
10004,2024-01-19,8,0,0,NGP,NGP Station,77,78.40051778264005,1.4005177826400472,80.56244951764262,1,4,1,1,0,0,0,0,0,0,0.0,0.0
10004,2024-01-19,9,0,0,AK,AK Station,962,964.8336020965558,2.833602096555735,109.52618252962205,5,4,16,16,0,0,0,0,0,0,0.0,0.0
10005,2024-01-15,1,1,0,MUMBAI,MUMBAI Station,1385,1386.019650189469,1.0196501894690368,0.0,8,0,23,23,19,0,0,19,19,19,11.0,-8.0
10005,2024-01-15,2,0,0,NGP,NGP Station,769,770.1524038487353,1.1524038487352615,93.79169840321178,8,0,12,12,11,11,11,11,11,15,12.0,1.0
10005,2024-01-15,3,0,0,HDP,HDP Station,81,82.35398119715,1.3539811971500124,95.17333824020434,1,0,1,1,12,12,12,12,12,14,17.0,5.0
10005,2024-01-15,4,0,0,BSL,BSL Station,300,303.51368537701126,3.5136853770112717,128.23059213018857,5,0,5,5,17,17,17,17,17,14,10.0,-7.0
10005,2024-01-15,5,0,0,BPL,BPL Station,69,72.46868772164692,3.468687721646921,80.99869057041512,9,0,1,1,10,10,10,10,10,13,7.0,-3.0
10005,2024-01-15,6,0,0,AK,AK Station,584,584.9471148266872,0.9471148266872143,100.7098361995041,1,0,9,9,7,7,7,7,7,12,8.0,1.0
10005,2024-01-15,7,0,0,JP,JP Station,413,415.3609514921534,2.3609514921533705,79.64175488388732,1,0,6,6,8,8,8,8,8,11,13.0,5.0
10005,2024-01-15,8,0,0,MAS,MAS Station,1409,1411.6265537772813,2.62655377728139,109.43141901908712,7,0,23,23,13,13,13,13,13,11,1.0,-12.0
10005,2024-01-15,9,0,0,PUNE,PUNE Station,938,942.3167377527202,4.3167377527201705,111.16848973699176,3,0,15,15,1,1,1,1,1,9,5.0,4.0
10006,2024-01-16,1,1,0,NGP,NGP Station,541,544.9685991830848,3.968599183084871,0.0,3,1,9,9,0,0,0,0,0,0,0.0,0.0
10006,2024-01-16,2,0,0,BSL,BSL Station,870,876.0482137889388,6.0482137889388286,122.23585531436872,4,1,14,14,0,0,0,0,0,0,3.0,3.0
10006,2024-01-16,3,0,0,AMI,AMI Station,24,26.905981354090244,2.905981354090242,109.10284641002477,2,1,0,0,3,3,3,3,3,1,0.0,-3.0
10006,2024-01-16,4,0,0,AK,AK Station,267,269.20691402175044,2.2069140217504435,85.28280383698646,6,1,4,4,0,0,0,0,0,0,9.0,9.0
10006,2024-01-16,5,0,0,BPL,BPL Station,1271,1273.1695260419792,2.169526041979227,66.04244214822303,9,1,21,21,9,9,9,9,9,1,0.0,-9.0
10006,2024-01-16,6,0,0,MAS,MAS Station,389,391.7041674937197,2.7041674937197144,82.41884707635359,1,1,6,6,0,0,0,0,0,0,0.0,0.0
10007,2024-01-17,1,1,0,BSL,BSL Station,22,27.050311401166788,5.050311401166788,0.0,2,2,0,0,17,0,0,17,17,17,11.0,-6.0
10007,2024-01-17,2,0,0,PUNE,PUNE Station,624,624.0,0.0,74.5782691899112,7,2,10,10,11,11,11,11,11,14,0.0,-11.0
10007,2024-01-17,3,0,0,HDP,HDP Station,261,262.8401625443208,1.8401625443207654,82.98421509654263,1,2,4,4,0,0,0,0,0,9,0.0,0.0
10007,2024-01-17,4,0,0,BPL,BPL Station,44,46.413448998154266,2.413448998154262,141.46649904220865,6,2,0,0,0,0,0,0,0,6,1.0,1.0
10007,2024-01-17,5,0,0,NGP,NGP Station,579,580.4441307685103,1.4441307685103153,86.19322643832784,9,2,9,9,1,1,1,1,1,5,0.0,-1.0
10007,2024-01-17,6,0,0,AMI,AMI Station,415,419.25962115684655,4.2596211568465705,48.41744554051007,9,2,6,6,0,0,0,0,0,4,0.0,0.0
10007,2024-01-17,7,0,0,MAS,MAS Station,680,682.312835145753,2.3128351457529353,77.480141394912,4,2,11,11,0,0,0,0,0,3,0.0,0.0
10007,2024-01-17,8,0,0,AK,AK Station,1083,1087.3618079208636,4.361807920863642,125.90329113277926,9,2,18,18,0,0,0,0,0,2,0.0,0.0
10007,2024-01-17,9,0,0,MUMBAI,MUMBAI Station,727,731.8629558970148,4.862955897014784,88.28473661534332,5,2,12,12,0,0,0,0,0,1,0.0,0.0
10008,2024-01-18,1,1,0,HDP,HDP Station,732,734.1261286265476,2.126128626547599,0.0,5,3,12,12,7,0,0,7,7,7,6.0,-1.0
10008,2024-01-18,2,0,0,AK,AK Station,796,798.8924889451638,2.8924889451638442,69.5236296102189,6,3,13,13,6,6,6,6,6,6,2.0,-4.0
10008,2024-01-18,3,0,0,MAS,MAS Station,643,645.6954319209356,2.695431920935511,103.67923274948902,9,3,10,10,2,2,2,2,2,4,5.0,3.0
10008,2024-01-18,4,0,0,JP,JP Station,214,217.2752677346316,3.275267734631603,97.06315246445331,8,3,3,3,5,5,5,5,5,4,0.0,-5.0
10008,2024-01-18,5,0,0,BSL,BSL Station,1280,1283.9569500485316,3.956950048531448,78.52492399383671,4,3,21,21,0,0,0,0,0,3,0.0,0.0
10008,2024-01-18,6,0,0,MUMBAI,MUMBAI Station,1344,1346.2488204263736,2.248820426373609,128.1403780382111,8,3,22,22,0,0,0,0,0,2,4.0,4.0
10008,2024-01-18,7,0,0,AMI,AMI Station,1274,1276.472729773938,2.472729773938037,52.781802382907074,7,3,21,21,4,4,4,4,4,2,0.0,-4.0
10008,2024-01-18,8,0,0,PUNE,PUNE Station,1299,1302.3630227161018,3.363022716101695,59.39042513625495,6,3,21,21,0,0,0,0,0,1,5.0,5.0
10008,2024-01-18,9,0,0,NGP,NGP Station,854,858.7156310648104,4.715631064810394,89.74511699023263,7,3,14,14,5,5,5,5,5,1,5.0,0.0
10009,2024-01-19,1,1,0,MUMBAI,MUMBAI Station,688,689.6362635743723,1.6362635743723137,0.0,4,4,11,11,12,0,0,12,12,12,18.0,6.0
10009,2024-01-19,2,0,0,BSL,BSL Station,470,474.4603361712802,4.460336171280186,98.26869806447402,5,4,7,7,18,18,18,18,18,15,9.0,-9.0
10009,2024-01-19,3,0,0,NGP,NGP Station,279,279.3319196266436,0.331919626643582,119.92088622978366,8,4,4,4,9,9,9,9,9,13,10.0,1.0
10009,2024-01-19,4,0,0,MAS,MAS Station,42,45.07037315242539,3.070373152425388,92.18789589209786,4,4,0,0,10,10,10,10,10,12,6.0,-4.0
10009,2024-01-19,5,0,0,BPL,BPL Station,1147,1151.8074559709512,4.807455970951122,103.44850037790187,9,4,19,19,6,6,6,6,6,10,2.0,-4.0
10009,2024-01-19,6,0,0,HDP,HDP Station,1330,1333.1501431638696,3.1501431638695476,70.20790359482838,5,4,22,22,2,2,2,2,2,8,0.0,-2.0
10009,2024-01-19,7,0,0,JP,JP Station,413,415.28986071094926,2.289860710949256,109.03766036057108,6,4,6,6,0,0,0,0,0,6,0.0,0.0
10009,2024-01-19,8,0,0,AMI,AMI Station,1312,1317.294325479191,5.2943254791909204,111.4199293441051,5,4,21,21,0,0,0,0,0,5,4.0,4.0
10010,2024-01-15,1,1,0,MUMBAI,MUMBAI Station,381,383.9422624199704,2.9422624199703886,0.0,2,0,6,6,0,0,0,0,0,0,0.0,0.0
10010,2024-01-15,2,0,0,HDP,HDP Station,100,103.77500396297218,3.7750039629721845,84.62222618890338,8,0,1,1,0,0,0,0,0,0,0.0,0.0
10010,2024-01-15,3,0,0,BSL,BSL Station,31,34.02089393786942,3.0208939378694195,89.51749825779993,8,0,0,0,0,0,0,0,0,0,0.0,0.0
10010,2024-01-15,4,0,0,MAS,MAS Station,868,870.1797115881394,2.179711588139412,141.39853679380667,2,0,14,14,0,0,0,0,0,0,0.0,0.0
10010,2024-01-15,5,0,0,AK,AK Station,886,892.644771592981,6.644771592980954,128.99465191202458,1,0,14,14,0,0,0,0,0,0,0.0,0.0
10010,2024-01-15,6,0,0,BPL,BPL Station,367,370.30555269720827,3.3055526972082743,61.849766105643575,2,0,6,6,0,0,0,0,0,0,0.0,0.0
10010,2024-01-15,7,0,0,PUNE,PUNE Station,1374,1377.7279739948406,3.7279739948406796,74.54665715453058,8,0,22,22,0,0,0,0,0,0,0.0,0.0
10011,2024-01-16,1,1,0,AK,AK Station,1050,1052.094845617646,2.0948456176458556,0.0,7,1,17,17,2,0,0,2,2,2,0.0,-2.0
10011,2024-01-16,2,0,0,MAS,MAS Station,382,385.4954786023639,3.4954786023639244,107.4001981512815,2,1,6,6,0,0,0,0,0,1,0.0,0.0
10011,2024-01-16,3,0,0,PUNE,PUNE Station,541,545.5735138387554,4.573513838755334,83.41338003360396,4,1,9,9,0,0,0,0,0,0,0.0,0.0
10011,2024-01-16,4,0,0,BPL,BPL Station,1409,1413.4245741208938,4.424574120893906,82.78025041488203,3,1,23,23,0,0,0,0,0,0,0.0,0.0
10011,2024-01-16,5,0,0,HDP,HDP Station,809,812.5987041715281,3.598704171528106,109.43645380345471,1,1,13,13,0,0,0,0,0,0,0.0,0.0
10011,2024-01-16,6,0,0,BSL,BSL Station,853,857.3046106603426,4.304610660342619,111.14249866712618,9,1,14,14,0,0,0,0,0,0,0.0,0.0
10011,2024-01-16,7,0,0,AMI,AMI Station,1165,1167.724024995471,2.724024995470981,64.2310524048535,7,1,19,19,0,0,0,0,0,0,10.0,10.0
10011,2024-01-16,8,0,0,NGP,NGP Station,917,922.0201189679615,5.020118967961493,92.5358631936094,9,1,15,15,10,10,10,10,10,1,10.0,0.0
10011,2024-01-16,9,0,0,MUMBAI,MUMBAI Station,791,795.0763873696895,4.076387369689575,95.12059468627751,9,1,13,13,10,10,10,10,10,2,2.0,-8.0
10012,2024-01-17,1,1,0,PUNE,PUNE Station,238,241.29783754434445,3.297837544344438,0.0,7,2,3,3,9,0,0,9,9,9,3.0,-6.0
10012,2024-01-17,2,0,0,JP,JP Station,226,229.19940427783405,3.199404277834036,54.90426318849532,4,2,3,3,3,3,3,3,3,6,2.0,-1.0
10012,2024-01-17,3,0,0,AMI,AMI Station,1122,1125.5618776641766,3.561877664176467,69.02343331836647,2,2,18,18,2,2,2,2,2,4,12.0,10.0
10012,2024-01-17,4,0,0,HDP,HDP Station,582,584.4977215914358,2.49772159143583,71.10618624927139,3,2,9,9,12,12,12,12,12,6,10.0,-2.0
10012,2024-01-17,5,0,0,MAS,MAS Station,943,944.3683285971074,1.3683285971073573,108.5896501468954,2,2,15,15,10,10,10,10,10,6,10.0,0.0
10012,2024-01-17,6,0,0,BSL,BSL Station,1276,1278.1083031777928,2.108303177792667,88.51133141799907,8,2,21,21,10,10,10,10,10,6,9.0,-1.0
10012,2024-01-17,7,0,0,AK,AK Station,1280,1284.2072047681006,4.207204768100707,108.60506691907082,6,2,21,21,9,9,9,9,9,6,5.0,-4.0
10012,2024-01-17,8,0,0,MUMBAI,MUMBAI Station,1165,1169.1016792111755,4.101679211175451,92.89874829562362,7,2,19,19,5,5,5,5,5,5,2.0,-3.0
10012,2024-01-17,9,0,0,NGP,NGP Station,260,260.071269690484,0.07126969048397669,84.4100186839992,5,2,4,4,2,2,2,2,2,4,5.0,3.0
10013,2024-01-18,1,1,0,MAS,MAS Station,882,886.8836341883602,4.883634188360281,0.0,7,3,14,14,0,0,0,0,0,0,0.0,0.0
10013,2024-01-18,2,0,0,HDP,HDP Station,655,660.1704668265306,5.1704668265306,93.93109553023149,9,3,10,10,0,0,0,0,0,0,0.0,0.0
10013,2024-01-18,3,0,0,JP,JP Station,541,545.0943141499537,4.094314149953721,104.26799180410892,3,3,9,9,0,0,0,0,0,0,0.0,0.0
10013,2024-01-18,4,0,0,AK,AK Station,351,353.9635840801621,2.963584080162087,78.89552001742476,8,3,5,5,0,0,0,0,0,0,3.0,3.0
10013,2024-01-18,5,0,0,BPL,BPL Station,979,981.6988122009388,2.6988122009388986,72.54738745257978,3,3,16,16,3,3,3,3,3,0,0.0,-3.0
10013,2024-01-18,6,0,0,NGP,NGP Station,209,212.68184522344947,3.6818452234494834,104.88076541298322,5,3,3,3,0,0,0,0,0,0,0.0,0.0
10014,2024-01-19,1,1,0,HDP,HDP Station,590,590.6450594935139,0.6450594935139855,0.0,2,4,9,9,5,0,0,5,5,5,11.0,6.0
10014,2024-01-19,2,0,0,AK,AK Station,445,448.7028452400573,3.7028452400572838,100.1637955498426,6,4,7,7,11,11,11,11,11,8,12.0,1.0
10014,2024-01-19,3,0,0,PUNE,PUNE Station,563,565.1438805593758,2.1438805593757855,88.25782313275221,8,4,9,9,12,12,12,12,12,9,7.0,-5.0
10014,2024-01-19,4,0,0,AMI,AMI Station,668,668.0,0.0,72.43257625814431,9,4,11,11,7,7,7,7,7,8,0.0,-7.0
10014,2024-01-19,5,0,0,NGP,NGP Station,958,960.698930577494,2.6989305774940746,70.68764800245697,6,4,15,15,0,0,0,0,0,6,4.0,4.0
10014,2024-01-19,6,0,0,JP,JP Station,227,228.73863680292823,1.7386368029282175,89.83443850899901,5,4,3,3,4,4,4,4,4,5,13.0,9.0
10014,2024-01-19,7,0,0,BPL,BPL Station,1195,1198.0538418246515,3.0538418246515495,100.89334888636779,1,4,19,19,13,13,13,13,13,6,8.0,-5.0
10014,2024-01-19,8,0,0,BSL,BSL Station,315,319.3994949639758,4.399494963975852,98.43369847824519,9,4,5,5,8,8,8,8,8,6,5.0,-3.0
10014,2024-01-19,9,0,0,MAS,MAS Station,966,968.0557251779263,2.055725177926374,110.80411856447324,5,4,16,16,5,5,5,5,5,5,1.0,-4.0
10015,2024-01-15,1,1,0,AMI,AMI Station,1218,1220.1076645543956,2.107664554395651,0.0,7,0,20,20,9,0,0,9,9,9,3.0,-6.0
10015,2024-01-15,2,0,0,NGP,NGP Station,779,782.0719310754247,3.0719310754246583,101.14357321338497,6,0,12,12,3,3,3,3,3,6,0.0,-3.0
10015,2024-01-15,3,0,0,HDP,HDP Station,635,637.7204414084554,2.7204414084553625,81.90668353385908,1,0,10,10,0,0,0,0,0,4,0.0,0.0
10015,2024-01-15,4,0,0,AK,AK Station,1105,1110.7702090601304,5.770209060130452,130.40803927364223,4,0,18,18,0,0,0,0,0,3,0.0,0.0
10015,2024-01-15,5,0,0,BPL,BPL Station,1288,1293.3482860438514,5.348286043851511,88.68499477854024,7,0,21,21,0,0,0,0,0,2,4.0,4.0
10015,2024-01-15,6,0,0,MUMBAI,MUMBAI Station,1394,1394.0,0.0,102.97272669441922,4,0,23,23,4,4,4,4,4,2,2.0,-2.0
10015,2024-01-15,7,0,0,BSL,BSL Station,73,75.27353622912045,2.2735362291204475,82.90751634133011,3,0,1,1,2,2,2,2,2,2,0.0,-2.0
10015,2024-01-15,8,0,0,JP,JP Station,1066,1067.2795620568997,1.2795620568998411,126.93273992095331,6,0,17,17,0,0,0,0,0,1,0.0,0.0
10016,2024-01-16,1,1,0,HDP,HDP Station,508,513.1656469061099,5.165646906109889,0.0,5,1,8,8,3,0,0,3,3,3,9.0,6.0
10016,2024-01-16,2,0,0,AMI,AMI Station,313,313.98808799347256,0.9880879934725701,122.76225499095281,4,1,5,5,9,9,9,9,9,6,0.0,-9.0
10016,2024-01-16,3,0,0,BPL,BPL Station,467,468.88875138804843,1.8887513880484463,89.71421937220062,6,1,7,7,0,0,0,0,0,4,0.0,0.0
10016,2024-01-16,4,0,0,MUMBAI,MUMBAI Station,16,21.947991262680567,5.947991262680569,80.95387361501847,6,1,0,0,0,0,0,0,0,3,0.0,0.0
10016,2024-01-16,5,0,0,NGP,NGP Station,144,147.55819708663975,3.5581970866397414,99.57744327863671,8,1,2,2,0,0,0,0,0,2,0.0,0.0
10017,2024-01-17,1,1,0,AMI,AMI Station,1229,1230.4975699851577,1.4975699851576267,0.0,7,2,20,20,2,0,0,2,2,2,2.0,0.0
10017,2024-01-17,2,0,0,NGP,NGP Station,225,229.37895430456163,4.378954304561633,101.0504817051677,7,2,3,3,2,2,2,2,2,2,5.0,3.0
10017,2024-01-17,3,0,0,AK,AK Station,278,282.32044437387987,4.320444373879873,59.32502548580328,8,2,4,4,5,5,5,5,5,3,14.0,9.0
10017,2024-01-17,4,0,0,BSL,BSL Station,1039,1043.574329072979,4.574329072979003,79.29529576878863,7,2,17,17,14,14,14,14,14,5,5.0,-9.0
10017,2024-01-17,5,0,0,MAS,MAS Station,325,329.7583588701376,4.75835887013759,78.40598177052745,2,2,5,5,5,5,5,5,5,5,5.0,0.0
10017,2024-01-17,6,0,0,HDP,HDP Station,11,12.452635629694763,1.4526356296947631,79.4140352490756,7,2,0,0,5,5,5,5,5,5,0.0,-5.0
10017,2024-01-17,7,0,0,JP,JP Station,362,362.00388298481073,0.003882984810739565,86.48797398577935,6,2,6,6,0,0,0,0,0,4,0.0,0.0
10017,2024-01-17,8,0,0,MUMBAI,MUMBAI Station,1326,1330.636569153247,4.636569153247001,87.78533141838608,8,2,22,22,0,0,0,0,0,3,10.0,10.0
10017,2024-01-17,9,0,0,PUNE,PUNE Station,239,239.80343767968526,0.8034376796852696,58.76386277209057,5,2,3,3,10,10,10,10,10,3,9.0,-1.0
10018,2024-01-18,1,1,0,BSL,BSL Station,253,256.26891190664,3.2689119066400263,0.0,2,3,4,4,7,0,0,7,7,7,2.0,-5.0
10018,2024-01-18,2,0,0,AMI,AMI Station,1420,1422.5627650315098,2.5627650315097648,100.87200309188864,8,3,23,23,2,2,2,2,2,4,5.0,3.0
10018,2024-01-18,3,0,0,BPL,BPL Station,961,964.4023252124166,3.4023252124165433,75.72766888518473,9,3,16,16,5,5,5,5,5,4,10.0,5.0
10018,2024-01-18,4,0,0,MAS,MAS Station,939,940.1313509113504,1.1313509113504514,57.63084332639448,7,3,15,15,10,10,10,10,10,5,8.0,-2.0
10018,2024-01-18,5,0,0,HDP,HDP Station,1149,1149.0,0.0,95.08347784492405,9,3,19,19,8,8,8,8,8,5,3.0,-5.0
10018,2024-01-18,6,0,0,PUNE,PUNE Station,236,236.912005494218,0.9120054942179845,83.02695731184282,9,3,3,3,3,3,3,3,3,4,7.0,4.0
10018,2024-01-18,7,0,0,AK,AK Station,1176,1181.2420328630465,5.242032863046569,93.55511787160805,8,3,19,19,7,7,7,7,7,4,0.0,-7.0
10018,2024-01-18,8,0,0,JP,JP Station,658,661.3581837385398,3.35818373853977,83.46238440640697,2,3,10,10,0,0,0,0,0,3,0.0,0.0
10018,2024-01-18,9,0,0,MUMBAI,MUMBAI Station,1279,1282.2237658905174,3.2237658905174036,80.44639708211585,3,3,21,21,0,0,0,0,0,2,1.0,1.0
10019,2024-01-19,1,1,0,PUNE,PUNE Station,1027,1029.0643465589562,2.0643465589562924,0.0,5,4,17,17,20,0,0,20,20,20,15.0,-5.0
10019,2024-01-19,2,0,0,NGP,NGP Station,201,205.20778901217142,4.207789012171422,65.62054954927747,7,4,3,3,15,15,15,15,15,17,16.0,1.0
10019,2024-01-19,3,0,0,HDP,HDP Station,925,931.0051109007732,6.005110900773157,94.02198093429935,8,4,15,15,16,16,16,16,16,16,1.0,-15.0
10019,2024-01-19,4,0,0,MAS,MAS Station,1232,1235.9270430664753,3.92704306647543,92.82073311645128,5,4,20,20,1,1,1,1,1,12,5.0,4.0
10019,2024-01-19,5,0,0,AK,AK Station,769,773.415195762798,4.415195762798051,57.73062679463196,1,4,12,12,5,5,5,5,5,10,8.0,3.0
10020,2024-01-15,1,1,0,AK,AK Station,1330,1334.041350115729,4.041350115728975,0.0,1,0,22,22,5,0,0,5,5,5,0.0,-5.0
10020,2024-01-15,2,0,0,JP,JP Station,1220,1221.4569885003064,1.456988500306374,68.07449826209597,7,0,20,20,0,0,0,0,0,2,0.0,0.0
10020,2024-01-15,3,0,0,HDP,HDP Station,539,545.3182869640771,6.318286964077028,112.23975427621289,1,0,8,8,0,0,0,0,0,1,3.0,3.0
10020,2024-01-15,4,0,0,PUNE,PUNE Station,945,947.6514013402493,2.6514013402492926,115.38354365086258,9,0,15,15,3,3,3,3,3,1,0.0,-3.0
10020,2024-01-15,5,0,0,BSL,BSL Station,187,187.0,0.0,135.81885145181485,5,0,3,3,0,0,0,0,0,0,0.0,0.0
10020,2024-01-15,6,0,0,MUMBAI,MUMBAI Station,434,437.25645645735233,3.256456457352329,110.44881904787621,2,0,7,7,0,0,0,0,0,0,0.0,0.0
10020,2024-01-15,7,0,0,MAS,MAS Station,524,526.5941001625049,2.594100162504945,115.23640825868218,5,0,8,8,0,0,0,0,0,0,2.0,2.0
10020,2024-01-15,8,0,0,NGP,NGP Station,1323,1325.9061103081508,2.9061103081507165,86.2220662443105,2,0,22,22,2,2,2,2,2,0,2.0,0.0
10021,2024-01-16,1,1,0,BSL,BSL Station,549,551.2808822117729,2.2808822117728575,0.0,7,1,9,9,19,0,0,19,19,19,13.0,-6.0
10021,2024-01-16,2,0,0,JP,JP Station,948,951.3334240761874,3.333424076187426,58.14012532936661,4,1,15,15,13,13,13,13,13,16,21.0,8.0
10021,2024-01-16,3,0,0,NGP,NGP Station,426,428.3075556146153,2.3075556146153087,113.04665217483009,7,1,7,7,21,21,21,21,21,17,17.0,-4.0
10021,2024-01-16,4,0,0,AMI,AMI Station,1268,1271.6195848006794,3.6195848006792737,68.81215739060113,9,1,21,21,17,17,17,17,17,17,12.0,-5.0
10022,2024-01-17,1,1,0,AMI,AMI Station,168,171.68631395429713,3.6863139542971206,0.0,3,2,2,2,4,0,0,4,4,4,0.0,-4.0
10022,2024-01-17,2,0,0,AK,AK Station,1096,1100.6399063581898,4.639906358189895,79.05019286002378,3,2,18,18,0,0,0,0,0,2,0.0,0.0
10022,2024-01-17,3,0,0,HDP,HDP Station,1390,1392.1637623224883,2.1637623224882496,62.603940408418445,9,2,23,23,0,0,0,0,0,1,0.0,0.0
10022,2024-01-17,4,0,0,PUNE,PUNE Station,938,943.4586752081661,5.458675208166101,110.85217671272974,4,2,15,15,0,0,0,0,0,0,0.0,0.0
10022,2024-01-17,5,0,0,JP,JP Station,1291,1293.4313083885188,2.4313083885187696,85.92839279795277,8,2,21,21,0,0,0,0,0,0,0.0,0.0
10022,2024-01-17,6,0,0,BPL,BPL Station,418,423.3714314423548,5.371431442354803,113.23847204294161,1,2,6,6,0,0,0,0,0,0,2.0,2.0
10022,2024-01-17,7,0,0,NGP,NGP Station,184,187.29425131836808,3.294251318368093,77.96225577597534,8,2,3,3,2,2,2,2,2,0,0.0,-2.0
10022,2024-01-17,8,0,0,MUMBAI,MUMBAI Station,1142,1148.1767839244387,6.176783924438835,60.00825087594134,3,2,19,19,0,0,0,0,0,0,6.0,6.0
10022,2024-01-17,9,0,0,MAS,MAS Station,591,594.1446505781902,3.1446505781902347,76.38225435921836,4,2,9,9,6,6,6,6,6,0,0.0,-6.0
10023,2024-01-18,1,1,0,HDP,HDP Station,559,562.1094951339601,3.1094951339600363,0.0,9,3,9,9,11,0,0,11,11,11,8.0,-3.0
10023,2024-01-18,2,0,0,MUMBAI,MUMBAI Station,260,262.6451294739063,2.6451294739062887,82.07212329904391,8,3,4,4,8,8,8,8,8,9,0.0,-8.0
10023,2024-01-18,3,0,0,MAS,MAS Station,411,413.7712952454292,2.771295245429184,68.58811323528796,2,3,6,6,0,0,0,0,0,6,10.0,10.0
10023,2024-01-18,4,0,0,BSL,BSL Station,746,749.090043508628,3.0900435086280185,57.783110888765066,3,3,12,12,10,10,10,10,10,7,10.0,0.0
10023,2024-01-18,5,0,0,AK,AK Station,665,666.3028204690213,1.302820469021355,89.87858176920213,6,3,11,11,10,10,10,10,10,7,11.0,1.0
10023,2024-01-18,6,0,0,AMI,AMI Station,161,161.0,0.0,90.56405423043856,6,3,2,2,11,11,11,11,11,7,11.0,0.0
10023,2024-01-18,7,0,0,NGP,NGP Station,1333,1335.564588183717,2.564588183717023,101.3688201251231,4,3,22,22,11,11,11,11,11,7,17.0,6.0
10023,2024-01-18,8,0,0,BPL,BPL Station,80,84.06840723425881,4.068407234258817,92.40451266868426,2,3,1,1,17,17,17,17,17,8,5.0,-12.0
10023,2024-01-18,9,0,0,JP,JP Station,645,647.5497895734113,2.549789573411263,90.20705239686761,9,3,10,10,5,5,5,5,5,7,2.0,-3.0
10024,2024-01-19,1,1,0,PUNE,PUNE Station,558,561.7945391315351,3.794539131535096,0.0,3,4,9,9,0,0,0,0,0,0,0.0,0.0
10024,2024-01-19,2,0,0,BSL,BSL Station,301,304.41749359183035,3.4174935918303224,122.78977318835005,8,4,5,5,0,0,0,0,0,0,0.0,0.0
10024,2024-01-19,3,0,0,MAS,MAS Station,1278,1279.9363104226472,1.9363104226471308,107.08921253589388,7,4,21,21,0,0,0,0,0,0,5.0,5.0
10024,2024-01-19,4,0,0,NGP,NGP Station,459,460.9069024779384,1.9069024779383952,98.73876339492699,4,4,7,7,5,5,5,5,5,1,0.0,-5.0
10024,2024-01-19,5,0,0,JP,JP Station,1379,1382.7059039011626,3.705903901162567,104.6022671301947,5,4,22,22,0,0,0,0,0,0,0.0,0.0
10024,2024-01-19,6,0,0,AMI,AMI Station,686,688.662851897161,2.6628518971609747,114.15618616922004,5,4,11,11,0,0,0,0,0,0,8.0,8.0
10024,2024-01-19,7,0,0,HDP,HDP Station,234,236.13523439890992,2.1352343989099207,38.179154157101806,6,4,3,3,8,8,8,8,8,1,10.0,2.0
10024,2024-01-19,8,0,0,AK,AK Station,38,42.1910256103117,4.1910256103117005,59.34529262208481,2,4,0,0,10,10,10,10,10,2,7.0,-3.0
10024,2024-01-19,9,0,0,MUMBAI,MUMBAI Station,917,917.9180809091501,0.9180809091501905,74.75517075740835,5,4,15,15,7,7,7,7,7,2,0.0,-7.0
10025,2024-01-15,1,1,0,NGP,NGP Station,428,430.70329297115524,2.7032929711552405,0.0,2,0,7,7,1,0,0,1,1,1,2.0,1.0
10025,2024-01-15,2,0,0,MAS,MAS Station,239,242.8822999024578,3.8822999024577856,100.17336499174272,7,0,3,3,2,2,2,2,2,1,0.0,-2.0
10025,2024-01-15,3,0,0,HDP,HDP Station,136,140.19924888025622,4.1992488802562224,90.64008298131533,3,0,2,2,0,0,0,0,0,0,0.0,0.0
10025,2024-01-15,4,0,0,PUNE,PUNE Station,60,62.09349139265503,2.0934913926550323,88.48365208363573,8,0,1,1,0,0,0,0,0,0,6.0,6.0
10026,2024-01-16,1,1,0,MAS,MAS Station,1111,1113.8110915405798,2.8110915405797496,0.0,1,1,18,18,0,0,0,0,0,0,0.0,0.0
10026,2024-01-16,2,0,0,AK,AK Station,787,790.9106966511754,3.9106966511754275,116.22317772636211,2,1,13,13,0,0,0,0,0,0,0.0,0.0
10026,2024-01-16,3,0,0,PUNE,PUNE Station,117,119.82389871126756,2.82389871126756,109.24398709190234,5,1,1,1,0,0,0,0,0,0,2.0,2.0
10026,2024-01-16,4,0,0,MUMBAI,MUMBAI Station,1299,1301.9448355414568,2.9448355414568277,69.6957319370957,2,1,21,21,2,2,2,2,2,0,0.0,-2.0
10026,2024-01-16,5,0,0,AMI,AMI Station,1148,1150.6844447621584,2.6844447621584315,69.10381611957934,9,1,19,19,0,0,0,0,0,0,0.0,0.0
10026,2024-01-16,6,0,0,JP,JP Station,629,632.3158550509377,3.315855050937697,100.24999104443035,3,1,10,10,0,0,0,0,0,0,1.0,1.0
10026,2024-01-16,7,0,0,BPL,BPL Station,509,513.3695003304115,4.36950033041145,86.65756572427178,5,1,8,8,1,1,1,1,1,0,2.0,1.0
10026,2024-01-16,8,0,0,HDP,HDP Station,999,1000.059662041249,1.0596620412490525,94.68275094226593,6,1,16,16,2,2,2,2,2,0,0.0,-2.0
10026,2024-01-16,9,0,0,BSL,BSL Station,77,77.42375639878887,0.4237563987888606,96.44981431345634,4,1,1,1,0,0,0,0,0,0,1.0,1.0
10027,2024-01-17,1,1,0,JP,JP Station,127,133.90252467127058,6.9025246712705925,0.0,8,2,2,2,11,0,0,11,11,11,1.0,-10.0
10027,2024-01-17,2,0,0,MUMBAI,MUMBAI Station,1323,1324.6099303462618,1.6099303462617276,85.8195348542795,2,2,22,22,1,1,1,1,1,6,1.0,0.0
10027,2024-01-17,3,0,0,PUNE,PUNE Station,80,84.07975593630708,4.079755936307086,118.93007871893155,2,2,1,1,1,1,1,1,1,4,3.0,2.0
10027,2024-01-17,4,0,0,MAS,MAS Station,461,466.1822159674876,5.182215967487614,74.30203373835519,2,2,7,7,3,3,3,3,3,3,10.0,7.0
10027,2024-01-17,5,0,0,BPL,BPL Station,1390,1393.9513617145888,3.9513617145888333,99.50571178639782,6,2,23,23,10,10,10,10,10,4,11.0,1.0
10027,2024-01-17,6,0,0,HDP,HDP Station,1313,1315.400545721578,2.4005457215780965,56.02301600392709,5,2,21,21,11,11,11,11,11,5,18.0,7.0
10028,2024-01-18,1,1,0,PUNE,PUNE Station,377,379.55597415900513,2.555974159005153,0.0,3,3,6,6,11,0,0,11,11,11,1.0,-10.0
10028,2024-01-18,2,0,0,NGP,NGP Station,1185,1187.173221425507,2.1732214255072,99.10185473819291,6,3,19,19,1,1,1,1,1,6,0.0,-1.0
10028,2024-01-18,3,0,0,BSL,BSL Station,18,19.28746632879974,1.2874663287997423,86.12681081440564,7,3,0,0,0,0,0,0,0,4,3.0,3.0
10028,2024-01-18,4,0,0,MAS,MAS Station,478,479.03294091236853,1.0329409123685211,102.35340736531498,9,3,7,7,3,3,3,3,3,3,6.0,3.0
10028,2024-01-18,5,0,0,AMI,AMI Station,1292,1297.7927086755044,5.792708675504447,68.4661966154974,6,3,21,21,6,6,6,6,6,3,0.0,-6.0
10028,2024-01-18,6,0,0,BPL,BPL Station,1215,1219.3135737936016,4.313573793601471,96.07560618981012,2,3,20,20,0,0,0,0,0,2,1.0,1.0
10028,2024-01-18,7,0,0,MUMBAI,MUMBAI Station,468,473.5304817945381,5.530481794538087,123.47876836245041,6,3,7,7,1,1,1,1,1,1,0.0,-1.0
10028,2024-01-18,8,0,0,HDP,HDP Station,34,36.778596120551995,2.778596120551997,110.65927894305611,5,3,0,0,0,0,0,0,0,0,0.0,0.0
10028,2024-01-18,9,0,0,AK,AK Station,1269,1272.2345671843775,3.2345671843774166,96.63943467906965,4,3,21,21,0,0,0,0,0,0,0.0,0.0
10029,2024-01-19,1,1,0,JP,JP Station,552,553.9232649209224,1.9232649209224169,0.0,4,4,9,9,1,0,0,1,1,1,0.0,-1.0
10029,2024-01-19,2,0,0,PUNE,PUNE Station,642,645.1524664315343,3.152466431534265,67.37947217016114,1,4,10,10,0,0,0,0,0,0,0.0,0.0
10029,2024-01-19,3,0,0,AK,AK Station,295,297.64450124340976,2.64450124340976,68.7378192670107,7,4,4,4,0,0,0,0,0,0,3.0,3.0
10029,2024-01-19,4,0,0,HDP,HDP Station,1003,1006.8136957922503,3.813695792250355,115.08713737145425,5,4,16,16,3,3,3,3,3,0,14.0,11.0
10029,2024-01-19,5,0,0,MUMBAI,MUMBAI Station,636,637.1185658652462,1.118565865246126,63.3368537869269,9,4,10,10,14,14,14,14,14,2,15.0,1.0
10029,2024-01-19,6,0,0,BPL,BPL Station,896,898.0889816018519,2.0889816018518177,122.58646673236052,9,4,14,14,15,15,15,15,15,4,10.0,-5.0
10029,2024-01-19,7,0,0,MAS,MAS Station,387,393.9947735251797,6.994773525179736,84.08917519706901,6,4,6,6,10,10,10,10,10,4,0.0,-10.0
10030,2024-01-15,1,1,0,PUNE,PUNE Station,1018,1021.9752855710962,3.9752855710961317,0.0,3,0,16,16,0,0,0,0,0,0,0.0,0.0
10030,2024-01-15,2,0,0,MAS,MAS Station,1105,1106.8012119900245,1.8012119900246195,113.23867626912192,6,0,18,18,0,0,0,0,0,0,1.0,1.0
10030,2024-01-15,3,0,0,BSL,BSL Station,500,501.5389456653232,1.5389456653231846,99.18994612141384,9,0,8,8,1,1,1,1,1,0,0.0,-1.0
10030,2024-01-15,4,0,0,AMI,AMI Station,744,749.3820662341044,5.382066234104372,84.63063459416709,1,0,12,12,0,0,0,0,0,0,0.0,0.0
10030,2024-01-15,5,0,0,BPL,BPL Station,905,906.7949543059096,1.7949543059095936,47.400462488341056,2,0,15,15,0,0,0,0,0,0,0.0,0.0
10030,2024-01-15,6,0,0,AK,AK Station,609,611.6058249165263,2.6058249165262968,84.84919559876502,9,0,10,10,0,0,0,0,0,0,10.0,10.0
10030,2024-01-15,7,0,0,NGP,NGP Station,787,789.3290171565119,2.329017156511873,115.62032723470226,8,0,13,13,10,10,10,10,10,1,11.0,1.0
10030,2024-01-15,8,0,0,JP,JP Station,726,726.2544133021363,0.2544133021362782,58.686562539435656,2,0,12,12,11,11,11,11,11,2,3.0,-8.0
10030,2024-01-15,9,0,0,MUMBAI,MUMBAI Station,1112,1114.3603594623303,2.3603594623302486,91.7932450221652,8,0,18,18,3,3,3,3,3,2,3.0,0.0
10031,2024-01-16,1,1,0,NGP,NGP Station,397,400.5848302292086,3.5848302292085927,0.0,3,1,6,6,0,0,0,0,0,0,0.0,0.0
10031,2024-01-16,2,0,0,BPL,BPL Station,303,306.8694497598204,3.8694497598203634,96.51592633164333,5,1,5,5,0,0,0,0,0,0,0.0,0.0
10031,2024-01-16,3,0,0,MAS,MAS Station,289,290.48626256597555,1.4862625659755548,95.71969881444919,9,1,4,4,0,0,0,0,0,0,0.0,0.0
10031,2024-01-16,4,0,0,MUMBAI,MUMBAI Station,463,463.0,0.0,77.84356025811135,2,1,7,7,0,0,0,0,0,0,8.0,8.0
10031,2024-01-16,5,0,0,AMI,AMI Station,140,144.5630292247444,4.5630292247444055,78.03264379539563,2,1,2,2,8,8,8,8,8,1,7.0,-1.0
10031,2024-01-16,6,0,0,JP,JP Station,1157,1161.1453866509298,4.145386650929783,115.14119913378187,6,1,19,19,7,7,7,7,7,2,0.0,-7.0
10032,2024-01-17,1,1,0,MUMBAI,MUMBAI Station,1023,1025.4960307356405,2.4960307356405824,0.0,5,2,17,17,8,0,0,8,8,8,9.0,1.0
10032,2024-01-17,2,0,0,AK,AK Station,1196,1200.5430239160446,4.5430239160445876,63.66502306355886,4,2,19,19,9,9,9,9,9,8,3.0,-6.0
10032,2024-01-17,3,0,0,NGP,NGP Station,914,918.001191172459,4.001191172458968,98.19637313857025,7,2,15,15,3,3,3,3,3,6,3.0,0.0
10032,2024-01-17,4,0,0,MAS,MAS Station,415,416.02950203654154,1.029502036541526,78.41489534314307,5,2,6,6,3,3,3,3,3,5,0.0,-3.0
10032,2024-01-17,5,0,0,JP,JP Station,298,300.9048309040838,2.904830904083781,79.29343628092154,8,2,4,4,0,0,0,0,0,4,4.0,4.0
10032,2024-01-17,6,0,0,HDP,HDP Station,1342,1345.582363971678,3.5823639716780162,76.07160414154794,3,2,22,22,4,4,4,4,4,4,12.0,8.0
10032,2024-01-17,7,0,0,BPL,BPL Station,1386,1389.7428194296863,3.742819429686168,110.06426399478048,7,2,23,23,12,12,12,12,12,5,6.0,-6.0
10032,2024-01-17,8,0,0,PUNE,PUNE Station,946,946.792462835994,0.7924628359939678,84.75652594272319,5,2,15,15,6,6,6,6,6,5,0.0,-6.0
10033,2024-01-18,1,1,0,JP,JP Station,1315,1319.1014570133423,4.101457013342245,0.0,3,3,21,21,0,0,0,0,0,0,0.0,0.0
10033,2024-01-18,2,0,0,AK,AK Station,585,588.1050782446698,3.1050782446697722,113.23756605216381,5,3,9,9,0,0,0,0,0,0,3.0,3.0
10033,2024-01-18,3,0,0,AMI,AMI Station,1268,1268.7177085199116,0.7177085199115312,95.30311054597775,1,3,21,21,3,3,3,3,3,1,12.0,9.0
10033,2024-01-18,4,0,0,PUNE,PUNE Station,1080,1081.3193660101326,1.3193660101325746,87.80124569259632,3,3,18,18,12,12,12,12,12,3,11.0,-1.0
10033,2024-01-18,5,0,0,MUMBAI,MUMBAI Station,457,458.3304183594044,1.330418359404432,122.79929058742786,4,3,7,7,11,11,11,11,11,4,7.0,-4.0
10033,2024-01-18,6,0,0,BSL,BSL Station,147,151.09097977053108,4.090979770531072,76.51559187376273,3,3,2,2,7,7,7,7,7,4,5.0,-2.0
10034,2024-01-19,1,1,0,MAS,MAS Station,596,598.669708059488,2.669708059488064,0.0,8,4,9,9,0,0,0,0,0,0,0.0,0.0
10034,2024-01-19,2,0,0,JP,JP Station,994,995.068078915723,1.0680789157230006,37.37136233160187,1,4,16,16,0,0,0,0,0,0,13.0,13.0
10034,2024-01-19,3,0,0,BSL,BSL Station,1072,1073.8717653916142,1.8717653916141253,99.6029227244474,6,4,17,17,13,13,13,13,13,4,8.0,-5.0
10034,2024-01-19,4,0,0,NGP,NGP Station,1403,1406.3197949423566,3.3197949423565336,74.96061336522362,8,4,23,23,8,8,8,8,8,5,5.0,-3.0
10034,2024-01-19,5,0,0,HDP,HDP Station,1392,1396.4886912472418,4.48869124724179,84.12922315684867,1,4,23,23,5,5,5,5,5,5,4.0,-1.0
10034,2024-01-19,6,0,0,AMI,AMI Station,1271,1274.5157672346863,3.5157672346864492,105.37794726448946,1,4,21,21,4,4,4,4,4,4,0.0,-4.0
10034,2024-01-19,7,0,0,BPL,BPL Station,857,859.0778407022647,2.0778407022646226,84.62938704188335,4,4,14,14,0,0,0,0,0,3,5.0,5.0
10034,2024-01-19,8,0,0,AK,AK Station,586,591.2820977467479,5.282097746747883,80.1812510025727,1,4,9,9,5,5,5,5,5,3,9.0,4.0
10034,2024-01-19,9,0,0,PUNE,PUNE Station,628,629.7813925015154,1.7813925015153542,68.19201845114307,2,4,10,10,9,9,9,9,9,3,0.0,-9.0
10035,2024-01-15,1,1,0,MUMBAI,MUMBAI Station,936,939.1628395586648,3.1628395586647846,0.0,5,0,15,15,0,0,0,0,0,0,0.0,0.0
10035,2024-01-15,2,0,0,BSL,BSL Station,502,505.9277267691798,3.927726769179783,110.95884123504285,4,0,8,8,0,0,0,0,0,0,10.0,10.0
10035,2024-01-15,3,0,0,AK,AK Station,488,492.5008734770645,4.500873477064467,76.58759581846711,2,0,8,8,10,10,10,10,10,3,0.0,-10.0
10035,2024-01-15,4,0,0,HDP,HDP Station,742,742.9322059749351,0.9322059749351292,105.86977441104426,9,0,12,12,0,0,0,0,0,2,0.0,0.0
10035,2024-01-15,5,0,0,JP,JP Station,92,97.09561925109998,5.095619251099974,151.74310300396812,5,0,1,1,0,0,0,0,0,1,0.0,0.0
10035,2024-01-15,6,0,0,NGP,NGP Station,1079,1082.645859008141,3.6458590081410738,115.47280664303292,1,0,17,17,0,0,0,0,0,0,0.0,0.0
10035,2024-01-15,7,0,0,BPL,BPL Station,367,368.1484766921801,1.1484766921801168,78.15071481694211,6,0,6,6,0,0,0,0,0,0,0.0,0.0
10035,2024-01-15,8,0,0,AMI,AMI Station,29,32.63609156669614,3.6360915666961344,90.10985100486786,4,0,0,0,0,0,0,0,0,0,0.0,0.0
10036,2024-01-16,1,1,0,AMI,AMI Station,663,668.3979707557571,5.3979707557570755,0.0,2,1,11,11,0,0,0,0,0,0,0.0,0.0
10036,2024-01-16,2,0,0,NGP,NGP Station,1401,1401.7705844550746,0.7705844550745593,66.12149987201889,1,1,23,23,0,0,0,0,0,0,0.0,0.0
10036,2024-01-16,3,0,0,PUNE,PUNE Station,861,864.9847218177526,3.9847218177526376,80.18455740354239,3,1,14,14,0,0,0,0,0,0,0.0,0.0
10036,2024-01-16,4,0,0,BPL,BPL Station,740,742.0687286026233,2.068728602623326,64.77090332689782,7,1,12,12,0,0,0,0,0,0,5.0,5.0
10036,2024-01-16,5,0,0,JP,JP Station,387,390.48659995768185,3.4865999576818667,82.84177819237675,4,1,6,6,5,5,5,5,5,1,0.0,-5.0
10036,2024-01-16,6,0,0,BSL,BSL Station,558,563.9375211813309,5.937521181330891,81.04171040626031,5,1,9,9,0,0,0,0,0,0,0.0,0.0
10036,2024-01-16,7,0,0,MAS,MAS Station,353,356.3806094922419,3.3806094922418604,99.35386343530867,6,1,5,5,0,0,0,0,0,0,0.0,0.0
10036,2024-01-16,8,0,0,MUMBAI,MUMBAI Station,295,298.42018208345416,3.420182083454174,102.43143779712102,6,1,4,4,0,0,0,0,0,0,0.0,0.0
10036,2024-01-16,9,0,0,AK,AK Station,25,27.979792267502262,2.9797922675022632,97.81045795130002,6,1,0,0,0,0,0,0,0,0,0.0,0.0
10037,2024-01-17,1,1,0,JP,JP Station,723,725.8400230628454,2.8400230628454066,0.0,9,2,12,12,16,0,0,16,16,16,11.0,-5.0
10037,2024-01-17,2,0,0,HDP,HDP Station,951,952.465158350785,1.465158350785053,74.11147893062639,6,2,15,15,11,11,11,11,11,13,11.0,0.0
10037,2024-01-17,3,0,0,BSL,BSL Station,211,212.70647144040484,1.7064714404048333,91.58000167222124,5,2,3,3,11,11,11,11,11,12,13.0,2.0
10037,2024-01-17,4,0,0,BPL,BPL Station,1300,1301.658475130987,1.658475130986896,76.32080996401805,9,2,21,21,13,13,13,13,13,12,12.0,-1.0
10037,2024-01-17,5,0,0,MUMBAI,MUMBAI Station,276,276.84065391993573,0.8406539199357237,99.33450935184207,1,2,4,4,12,12,12,12,12,12,5.0,-7.0
10037,2024-01-17,6,0,0,MAS,MAS Station,579,584.3094102720023,5.309410272002272,76.07695282073757,4,2,9,9,5,5,5,5,5,10,3.0,-2.0
10037,2024-01-17,7,0,0,AMI,AMI Station,253,255.1773404922595,2.1773404922595154,52.12770666092429,8,2,4,4,3,3,3,3,3,9,0.0,-3.0
10037,2024-01-17,8,0,0,AK,AK Station,341,343.79532880496873,2.795328804968743,57.64332188883356,2,2,5,5,0,0,0,0,0,7,0.0,0.0
10037,2024-01-17,9,0,0,NGP,NGP Station,93,94.85591283215068,1.8559128321506786,107.45838373541574,8,2,1,1,0,0,0,0,0,6,0.0,0.0
10038,2024-01-18,1,1,0,JP,JP Station,649,649.9256995341186,0.9256995341186629,0.0,2,3,10,10,11,0,0,11,11,11,21.0,10.0
10038,2024-01-18,2,0,0,NGP,NGP Station,1214,1217.8391736139924,3.8391736139925556,111.2041981499776,7,3,20,20,21,21,21,21,21,16,11.0,-10.0
10038,2024-01-18,3,0,0,BPL,BPL Station,174,177.83432636849625,3.834326368496254,106.2447956187844,9,3,2,2,11,11,11,11,11,14,7.0,-4.0
10038,2024-01-18,4,0,0,AK,AK Station,981,984.0230684720582,3.0230684720581587,83.44210566974164,2,3,16,16,7,7,7,7,7,12,4.0,-3.0
10038,2024-01-18,5,0,0,MUMBAI,MUMBAI Station,484,487.2773512253935,3.277351225393465,68.94069843199387,2,3,8,8,4,4,4,4,4,10,5.0,1.0
10039,2024-01-19,1,1,0,MAS,MAS Station,946,949.783365521872,3.783365521872015,0.0,5,4,15,15,0,0,0,0,0,0,0.0,0.0
10039,2024-01-19,2,0,0,JP,JP Station,503,504.4169194743613,1.4169194743612687,111.1696908706065,5,4,8,8,0,0,0,0,0,0,5.0,5.0
10039,2024-01-19,3,0,0,AMI,AMI Station,507,508.54499404873644,1.5449940487364358,88.53933040362395,2,4,8,8,5,5,5,5,5,1,6.0,1.0
10039,2024-01-19,4,0,0,NGP,NGP Station,1363,1366.329875725909,3.3298757259089014,63.47809881906287,4,4,22,22,6,6,6,6,6,2,5.0,-1.0
10039,2024-01-19,5,0,0,BPL,BPL Station,1013,1014.2917503233289,1.2917503233288463,84.53960478547961,7,4,16,16,5,5,5,5,5,2,1.0,-4.0
10039,2024-01-19,6,0,0,PUNE,PUNE Station,548,551.5646142891462,3.5646142891462747,71.9589689128498,2,4,9,9,1,1,1,1,1,1,3.0,2.0
10039,2024-01-19,7,0,0,AK,AK Station,1115,1120.9470425719533,5.947042571953363,110.04170433180818,6,4,18,18,3,3,3,3,3,1,0.0,-3.0
10040,2024-01-15,1,1,0,BSL,BSL Station,1320,1324.7930041770041,4.7930041770042235,0.0,4,0,22,22,0,0,0,0,0,0,0.0,0.0
10040,2024-01-15,2,0,0,HDP,HDP Station,1179,1181.5071976373058,2.507197637305902,74.73702353712571,9,0,19,19,0,0,0,0,0,0,8.0,8.0
10040,2024-01-15,3,0,0,MUMBAI,MUMBAI Station,126,129.152784442893,3.15278444289298,120.98040302990375,4,0,2,2,8,8,8,8,8,2,3.0,-5.0
10040,2024-01-15,4,0,0,MAS,MAS Station,1175,1180.7564100995971,5.756410099597065,110.55355349602064,3,0,19,19,3,3,3,3,3,2,3.0,0.0
10040,2024-01-15,5,0,0,PUNE,PUNE Station,1147,1151.005329845916,4.005329845916008,103.53932774679075,8,0,19,19,3,3,3,3,3,2,2.0,-1.0
10040,2024-01-15,6,0,0,NGP,NGP Station,747,750.2248975050951,3.2248975050950865,75.86285731879607,4,0,12,12,2,2,2,2,2,2,0.0,-2.0
10040,2024-01-15,7,0,0,AK,AK Station,354,357.8056362495917,3.805636249591715,91.03252753422416,6,0,5,5,0,0,0,0,0,1,2.0,2.0
10040,2024-01-15,8,0,0,JP,JP Station,536,538.103287420272,2.1032874202719607,115.63287590007538,3,0,8,8,2,2,2,2,2,1,0.0,-2.0
10040,2024-01-15,9,0,0,BPL,BPL Station,787,788.0528096724181,1.0528096724180545,121.56213615823029,1,0,13,13,0,0,0,0,0,0,3.0,3.0
10041,2024-01-16,1,1,0,MAS,MAS Station,866,867.9515743408047,1.9515743408045982,0.0,5,1,14,14,15,0,0,15,15,15,8.0,-7.0
10041,2024-01-16,2,0,0,AMI,AMI Station,964,967.981981244362,3.9819812443620117,93.69305551809201,2,1,16,16,8,8,8,8,8,11,9.0,1.0
10041,2024-01-16,3,0,0,HDP,HDP Station,929,930.0288990371989,1.0288990371989404,88.8478407256899,1,1,15,15,9,9,9,9,9,10,3.0,-6.0
10041,2024-01-16,4,0,0,BSL,BSL Station,1032,1032.0,0.0,101.96498749259901,6,1,17,17,3,3,3,3,3,8,3.0,0.0
10041,2024-01-16,5,0,0,NGP,NGP Station,538,544.4174995437425,6.41749954374245,90.95922891963093,5,1,8,8,3,3,3,3,3,7,3.0,0.0
10042,2024-01-17,1,1,0,MAS,MAS Station,16,19.02872166612363,3.0287216661236283,0.0,4,2,0,0,16,0,0,16,16,16,6.0,-10.0
10042,2024-01-17,2,0,0,PUNE,PUNE Station,103,106.5334200231785,3.53342002317849,102.36976760912951,5,2,1,1,6,6,6,6,6,11,3.0,-3.0
10042,2024-01-17,3,0,0,HDP,HDP Station,579,582.7043577275226,3.704357727522649,104.28206999440185,6,2,9,9,3,3,3,3,3,8,0.0,-3.0
10042,2024-01-17,4,0,0,NGP,NGP Station,284,286.2701301639893,2.270130163989289,82.83319695957556,8,2,4,4,0,0,0,0,0,6,7.0,7.0
10042,2024-01-17,5,0,0,BPL,BPL Station,1190,1198.2438166844001,8.243816684400148,60.73188083146623,7,2,19,19,7,7,7,7,7,6,7.0,0.0
10042,2024-01-17,6,0,0,AMI,AMI Station,874,876.099364651392,2.099364651391942,92.01040189016324,1,2,14,14,7,7,7,7,7,6,7.0,0.0
10042,2024-01-17,7,0,0,MUMBAI,MUMBAI Station,88,88.04484427343225,0.04484427343224695,107.85194676598618,4,2,1,1,7,7,7,7,7,6,7.0,0.0
10042,2024-01-17,8,0,0,AK,AK Station,1257,1260.9862866202277,3.9862866202276654,68.29087846207568,4,2,20,20,7,7,7,7,7,6,7.0,0.0
10042,2024-01-17,9,0,0,JP,JP Station,1255,1258.8238461947524,3.823846194752472,142.68444087299918,3,2,20,20,7,7,7,7,7,6,9.0,2.0
10043,2024-01-18,1,1,0,AMI,AMI Station,207,207.92833536612787,0.9283353661278797,0.0,3,3,3,3,16,0,0,16,16,16,11.0,-5.0
10043,2024-01-18,2,0,0,MAS,MAS Station,720,724.8984443033785,4.898444303378447,82.62408126644328,8,3,12,12,11,11,11,11,11,13,13.0,2.0
10043,2024-01-18,3,0,0,NGP,NGP Station,1061,1065.1168760407995,4.116876040799519,91.26358455113032,1,3,17,17,13,13,13,13,13,13,5.0,-8.0
10043,2024-01-18,4,0,0,JP,JP Station,1191,1193.2437302534886,2.2437302534884926,88.36954653796708,5,3,19,19,5,5,5,5,5,11,0.0,-5.0
10043,2024-01-18,5,0,0,PUNE,PUNE Station,939,942.051228626232,3.051228626232037,75.3697319220734,4,3,15,15,0,0,0,0,0,8,0.0,0.0
10043,2024-01-18,6,0,0,BSL,BSL Station,141,145.01905992443474,4.019059924434755,67.02411929682688,9,3,2,2,0,0,0,0,0,6,0.0,0.0
10043,2024-01-18,7,0,0,AK,AK Station,384,385.98365302149654,1.9836530214965173,72.92120583224614,9,3,6,6,0,0,0,0,0,5,0.0,0.0
10043,2024-01-18,8,0,0,HDP,HDP Station,1366,1368.1037347079625,2.1037347079625377,118.44739723397015,5,3,22,22,0,0,0,0,0,4,0.0,0.0
10043,2024-01-18,9,0,0,MUMBAI,MUMBAI Station,1389,1389.300804102787,0.30080410278691616,55.0323668771827,6,3,23,23,0,0,0,0,0,3,3.0,3.0
10044,2024-01-19,1,1,0,MAS,MAS Station,938,942.4402077597197,4.44020775971962,0.0,9,4,15,15,11,0,0,11,11,11,0.0,-11.0
10044,2024-01-19,2,0,0,AK,AK Station,248,250.07412022017962,2.074120220179615,64.01766711397866,4,4,4,4,0,0,0,0,0,5,0.0,0.0
10044,2024-01-19,3,0,0,BSL,BSL Station,648,651.6866592992278,3.686659299227829,123.48984866695075,7,4,10,10,0,0,0,0,0,3,0.0,0.0
10044,2024-01-19,4,0,0,AMI,AMI Station,1411,1411.0523491384697,0.0523491384696162,105.88280120152359,1,4,23,23,0,0,0,0,0,2,9.0,9.0
10044,2024-01-19,5,0,0,HDP,HDP Station,574,576.9095665129125,2.9095665129125825,99.09590339284762,4,4,9,9,9,9,9,9,9,3,12.0,3.0
10044,2024-01-19,6,0,0,MUMBAI,MUMBAI Station,528,531.0148965295999,3.0148965295999064,43.34324398951503,5,4,8,8,12,12,12,12,12,4,11.0,-1.0
10044,2024-01-19,7,0,0,JP,JP Station,1419,1422.7380282719892,3.738028271989199,79.47930314664839,3,4,23,23,11,11,11,11,11,5,15.0,4.0
10044,2024-01-19,8,0,0,PUNE,PUNE Station,739,741.5455666930235,2.545566693023524,111.08257352037958,2,4,12,12,15,15,15,15,15,6,4.0,-11.0
10044,2024-01-19,9,0,0,BPL,BPL Station,536,538.0259124593844,2.025912459384382,105.44189577950578,8,4,8,8,4,4,4,4,4,5,0.0,-4.0
10045,2024-01-15,1,1,0,JP,JP Station,438,440.2344975251884,2.2344975251883783,0.0,7,0,7,7,6,0,0,6,6,6,10.0,4.0
10045,2024-01-15,2,0,0,BSL,BSL Station,752,757.0808861165789,5.080886116578894,112.93247833123854,7,0,12,12,10,10,10,10,10,8,3.0,-7.0
10045,2024-01-15,3,0,0,MUMBAI,MUMBAI Station,619,621.2578285813497,2.257828581349675,70.72482147578778,9,0,10,10,3,3,3,3,3,6,0.0,-3.0
10045,2024-01-15,4,0,0,PUNE,PUNE Station,1348,1351.582255386502,3.5822553865019855,90.77454040739224,9,0,22,22,0,0,0,0,0,4,0.0,0.0
10045,2024-01-15,5,0,0,NGP,NGP Station,1068,1073.5522816056312,5.5522816056311015,60.06941489819842,2,0,17,17,0,0,0,0,0,3,0.0,0.0
10045,2024-01-15,6,0,0,HDP,HDP Station,1,5.422669524792303,4.422669524792303,64.28090452570348,6,0,0,0,0,0,0,0,0,2,0.0,0.0
10045,2024-01-15,7,0,0,AMI,AMI Station,97,100.51734551237487,3.517345512374879,87.66740135199211,4,0,1,1,0,0,0,0,0,1,5.0,5.0
10045,2024-01-15,8,0,0,BPL,BPL Station,994,995.0506281446086,1.0506281446086034,106.5946483575835,2,0,16,16,5,5,5,5,5,1,11.0,6.0
10046,2024-01-16,1,1,0,MAS,MAS Station,470,472.67763446727486,2.6776344672748826,0.0,6,1,7,7,7,0,0,7,7,7,0.0,-7.0
10046,2024-01-16,2,0,0,BSL,BSL Station,933,935.2448684200098,2.2448684200097535,87.1678037968838,1,1,15,15,0,0,0,0,0,3,2.0,2.0
10046,2024-01-16,3,0,0,AK,AK Station,558,561.7713821340268,3.7713821340267524,87.80460992367715,6,1,9,9,2,2,2,2,2,2,2.0,0.0
10046,2024-01-16,4,0,0,AMI,AMI Station,489,491.9646717736886,2.964671773688643,86.51291484194329,3,1,8,8,2,2,2,2,2,2,0.0,-2.0
10046,2024-01-16,5,0,0,JP,JP Station,1208,1211.445691028179,3.445691028179106,95.2770340214787,9,1,20,20,0,0,0,0,0,1,0.0,0.0
10047,2024-01-17,1,1,0,AK,AK Station,1269,1270.7522666876544,1.752266687654333,0.0,2,2,21,21,8,0,0,8,8,8,12.0,4.0
10047,2024-01-17,2,0,0,BPL,BPL Station,1152,1155.708003406379,3.7080034063789116,80.5164168684071,6,2,19,19,12,12,12,12,12,10,14.0,2.0
10047,2024-01-17,3,0,0,BSL,BSL Station,626,627.8550708437322,1.8550708437321277,90.75875670895203,1,2,10,10,14,14,14,14,14,11,4.0,-10.0
10047,2024-01-17,4,0,0,HDP,HDP Station,1319,1325.545808741929,6.545808741929041,106.2069003107262,9,2,21,21,4,4,4,4,4,9,12.0,8.0
10047,2024-01-17,5,0,0,PUNE,PUNE Station,80,84.49899456685964,4.498994566859631,85.25846018228843,6,2,1,1,12,12,12,12,12,9,0.0,-12.0
10047,2024-01-17,6,0,0,MAS,MAS Station,1274,1275.850015118325,1.8500151183249782,80.41897885276492,9,2,21,21,0,0,0,0,0,7,4.0,4.0
10047,2024-01-17,7,0,0,AMI,AMI Station,6,8.979243380858644,2.979243380858644,76.20544451871652,4,2,0,0,4,4,4,4,4,6,1.0,-3.0
10048,2024-01-18,1,1,0,AMI,AMI Station,558,560.503037425225,2.503037425225016,0.0,4,3,9,9,0,0,0,0,0,0,5.0,5.0
10048,2024-01-18,2,0,0,MAS,MAS Station,1199,1204.8044229957568,5.8044229957567754,50.2867568720137,9,3,19,19,5,5,5,5,5,2,1.0,-4.0
10048,2024-01-18,3,0,0,BSL,BSL Station,164,166.2997953219612,2.299795321961206,100.9776767063473,5,3,2,2,1,1,1,1,1,1,0.0,-1.0
10048,2024-01-18,4,0,0,NGP,NGP Station,828,832.0614546355628,4.061454635562731,90.18076373024614,1,3,13,13,0,0,0,0,0,0,1.0,1.0
10048,2024-01-18,5,0,0,JP,JP Station,413,417.54967777309975,4.549677773099761,95.68648899038463,7,3,6,6,1,1,1,1,1,0,1.0,0.0
10048,2024-01-18,6,0,0,HDP,HDP Station,836,836.0,0.0,68.68600565289117,4,3,13,13,1,1,1,1,1,0,0.0,-1.0
10048,2024-01-18,7,0,0,BPL,BPL Station,1433,1438.6169587598881,5.616958759888022,75.80840290501655,3,3,23,23,0,0,0,0,0,0,0.0,0.0
10048,2024-01-18,8,0,0,MUMBAI,MUMBAI Station,281,281.87356409872285,0.8735640987228419,101.9971859967129,7,3,4,4,0,0,0,0,0,0,10.0,10.0
10048,2024-01-18,9,0,0,PUNE,PUNE Station,1043,1044.1613482748635,1.161348274863597,110.42766590858797,1,3,17,17,10,10,10,10,10,1,7.0,-3.0
10049,2024-01-19,1,1,0,MAS,MAS Station,325,325.06233768679806,0.062337686798043634,0.0,1,4,5,5,1,0,0,1,1,1,0.0,-1.0
10049,2024-01-19,2,0,0,NGP,NGP Station,2,3.0733544383886002,1.0733544383886002,90.76475989920057,5,4,0,0,0,0,0,0,0,0,3.0,3.0
10049,2024-01-19,3,0,0,BPL,BPL Station,642,644.9314496533548,2.931449653354831,74.70016102487745,5,4,10,10,3,3,3,3,3,1,6.0,3.0
10049,2024-01-19,4,0,0,AMI,AMI Station,1047,1050.5361325743265,3.536132574326428,111.0219024139866,9,4,17,17,6,6,6,6,6,2,5.0,-1.0
10049,2024-01-19,5,0,0,HDP,HDP Station,1370,1372.4184827245936,2.4184827245936527,76.5305295469842,7,4,22,22,5,5,5,5,5,2,3.0,-2.0
10049,2024-01-19,6,0,0,JP,JP Station,1214,1216.553583556825,2.553583556824958,73.99922871204707,9,4,20,20,3,3,3,3,3,2,3.0,0.0
10049,2024-01-19,7,0,0,BSL,BSL Station,1247,1247.9927613970654,0.9927613970653155,88.25602702473702,8,4,20,20,3,3,3,3,3,2,0.0,-3.0
10049,2024-01-19,8,0,0,AK,AK Station,497,499.1603862896068,2.1603862896067767,114.00157912853723,4,4,8,8,0,0,0,0,0,1,7.0,7.0
10049,2024-01-19,9,0,0,MUMBAI,MUMBAI Station,1001,1002.3831922829343,1.3831922829342151,76.2256466715417,6,4,16,16,7,7,7,7,7,1,4.0,-3.0
10050,2024-01-15,1,1,0,AMI,AMI Station,1147,1152.153153678759,5.153153678759028,0.0,7,0,19,19,0,0,0,0,0,0,0.0,0.0
10050,2024-01-15,2,0,0,AK,AK Station,597,601.0029747902408,4.002974790240888,71.63982475556391,7,0,9,9,0,0,0,0,0,0,0.0,0.0
10050,2024-01-15,3,0,0,NGP,NGP Station,316,316.58528281945496,0.58528281945497,102.78539075713834,5,0,5,5,0,0,0,0,0,0,0.0,0.0
10050,2024-01-15,4,0,0,HDP,HDP Station,101,106.79693758523462,5.796937585234618,112.19859191760672,6,0,1,1,0,0,0,0,0,0,4.0,4.0
10050,2024-01-15,5,0,0,MUMBAI,MUMBAI Station,298,301.5296908569968,3.5296908569968153,108.85137097072378,1,0,4,4,4,4,4,4,4,0,0.0,-4.0
10050,2024-01-15,6,0,0,JP,JP Station,191,191.27263934900427,0.27263934900427866,48.52507625626926,1,0,3,3,0,0,0,0,0,0,5.0,5.0
10051,2024-01-16,1,1,0,MAS,MAS Station,259,263.10895876124846,4.108958761248445,0.0,1,1,4,4,11,0,0,11,11,11,6.0,-5.0
10051,2024-01-16,2,0,0,PUNE,PUNE Station,127,130.52447507094953,3.5244750709495403,58.7039445727589,8,1,2,2,6,6,6,6,6,8,5.0,-1.0
10051,2024-01-16,3,0,0,NGP,NGP Station,898,903.130782014933,5.130782014932972,124.5325301299319,7,1,14,14,5,5,5,5,5,7,6.0,1.0
10051,2024-01-16,4,0,0,JP,JP Station,17,19.296276454961284,2.2962764549612844,102.89256492635394,6,1,0,0,6,6,6,6,6,6,0.0,-6.0
10052,2024-01-17,1,1,0,MUMBAI,MUMBAI Station,1110,1113.933104985459,3.933104985459073,0.0,4,2,18,18,15,0,0,15,15,15,2.0,-13.0
10052,2024-01-17,2,0,0,BSL,BSL Station,414,417.5802127810338,3.580212781033804,111.81960850371934,3,2,6,6,2,2,2,2,2,8,0.0,-2.0
10052,2024-01-17,3,0,0,PUNE,PUNE Station,684,684.708644259286,0.7086442592860109,93.87138798507155,3,2,11,11,0,0,0,0,0,5,0.0,0.0
10052,2024-01-17,4,0,0,HDP,HDP Station,1242,1247.4773194037884,5.477319403788361,127.47834842060071,7,2,20,20,0,0,0,0,0,3,0.0,0.0
10052,2024-01-17,5,0,0,BPL,BPL Station,598,601.8407220982074,3.840722098207403,39.6571371580751,2,2,9,9,0,0,0,0,0,2,1.0,1.0
10052,2024-01-17,6,0,0,JP,JP Station,1421,1425.0377147327506,4.037714732750593,121.94745579905029,2,2,23,23,1,1,1,1,1,1,0.0,-1.0
10052,2024-01-17,7,0,0,MAS,MAS Station,940,943.9785830743654,3.97858307436535,93.55557845859762,6,2,15,15,0,0,0,0,0,0,9.0,9.0
10053,2024-01-18,1,1,0,BSL,BSL Station,122,124.20354365328205,2.203543653282053,0.0,8,3,2,2,14,0,0,14,14,14,7.0,-7.0
10053,2024-01-18,2,0,0,MAS,MAS Station,515,518.4496618455823,3.449661845582347,93.42923682453194,8,3,8,8,7,7,7,7,7,10,0.0,-7.0
10053,2024-01-18,3,0,0,JP,JP Station,1207,1210.3099696571476,3.309969657147508,104.7698166521268,7,3,20,20,0,0,0,0,0,6,1.0,1.0
10053,2024-01-18,4,0,0,AK,AK Station,958,961.9340668358504,3.9340668358504027,86.67061743529543,5,3,15,15,1,1,1,1,1,4,0.0,-1.0
10053,2024-01-18,5,0,0,AMI,AMI Station,1294,1296.0951881558235,2.0951881558235677,77.26948553648795,1,3,21,21,0,0,0,0,0,3,0.0,0.0
10054,2024-01-19,1,1,0,BPL,BPL Station,126,128.01059659722114,2.0105965972211504,0.0,4,4,2,2,0,0,0,0,0,0,0.0,0.0
10054,2024-01-19,2,0,0,MAS,MAS Station,1237,1241.8479767069045,4.847976706904454,39.252228078602315,5,4,20,20,0,0,0,0,0,0,5.0,5.0
10054,2024-01-19,3,0,0,BSL,BSL Station,1222,1225.719162277129,3.719162277129096,77.74610708244784,8,4,20,20,5,5,5,5,5,1,1.0,-4.0
10054,2024-01-19,4,0,0,NGP,NGP Station,899,901.3269251470024,2.3269251470023518,111.80868682798219,4,4,14,14,1,1,1,1,1,1,0.0,-1.0
10054,2024-01-19,5,0,0,AK,AK Station,863,866.4980978737466,3.4980978737466097,51.63800798992415,5,4,14,14,0,0,0,0,0,0,0.0,0.0
10054,2024-01-19,6,0,0,AMI,AMI Station,279,280.3802412693172,1.3802412693172215,67.47816182345568,7,4,4,4,0,0,0,0,0,0,0.0,0.0
10054,2024-01-19,7,0,0,MUMBAI,MUMBAI Station,1314,1316.4092971973348,2.40929719733474,87.66468168409507,9,4,21,21,0,0,0,0,0,0,1.0,1.0
10054,2024-01-19,8,0,0,JP,JP Station,467,470.3271132629791,3.3271132629790854,90.41894731050287,1,4,7,7,1,1,1,1,1,0,0.0,-1.0
10054,2024-01-19,9,0,0,HDP,HDP Station,912,912.1084911309816,0.10849113098158503,66.31279655375954,2,4,15,15,0,0,0,0,0,0,0.0,0.0
10055,2024-01-15,1,1,0,MUMBAI,MUMBAI Station,558,561.3632362361119,3.3632362361118506,0.0,9,0,9,9,13,0,0,13,13,13,14.0,1.0
10055,2024-01-15,2,0,0,JP,JP Station,183,186.05745088128364,3.0574508812836365,72.43459852653268,6,0,3,3,14,14,14,14,14,13,12.0,-2.0
10055,2024-01-15,3,0,0,MAS,MAS Station,1229,1231.9541314707449,2.954131470744799,113.46065067651415,6,0,20,20,12,12,12,12,12,12,10.0,-2.0
10055,2024-01-15,4,0,0,HDP,HDP Station,1074,1076.713738022035,2.713738022034974,67.9027441387496,3,0,17,17,10,10,10,10,10,11,0.0,-10.0
10055,2024-01-15,5,0,0,AK,AK Station,851,855.7695878125411,4.769587812541065,93.88215261906716,5,0,14,14,0,0,0,0,0,8,3.0,3.0
10055,2024-01-15,6,0,0,AMI,AMI Station,1137,1141.0220392656645,4.0220392656644215,140.59129010925645,4,0,18,18,3,3,3,3,3,7,0.0,-3.0
10055,2024-01-15,7,0,0,PUNE,PUNE Station,589,591.7790494041175,2.7790494041174725,79.34678054982481,1,0,9,9,0,0,0,0,0,6,0.0,0.0
10056,2024-01-16,1,1,0,AMI,AMI Station,1336,1339.5396051465361,3.5396051465361897,0.0,2,1,22,22,6,0,0,6,6,6,4.0,-2.0
10056,2024-01-16,2,0,0,MUMBAI,MUMBAI Station,225,227.42246728243072,2.4224672824307047,97.65977969481857,5,1,3,3,4,4,4,4,4,5,11.0,7.0
10056,2024-01-16,3,0,0,NGP,NGP Station,711,713.3887842428777,2.3887842428777057,82.45356979763478,5,1,11,11,11,11,11,11,11,7,12.0,1.0
10056,2024-01-16,4,0,0,HDP,HDP Station,869,869.0,0.0,124.49393299522217,6,1,14,14,12,12,12,12,12,8,0.0,-12.0
10056,2024-01-16,5,0,0,MAS,MAS Station,1208,1212.136090203466,4.136090203466084,81.43309520588276,9,1,20,20,0,0,0,0,0,6,0.0,0.0
10057,2024-01-17,1,1,0,BPL,BPL Station,169,171.03470395344343,2.0347039534434135,0.0,6,2,2,2,17,0,0,17,17,17,8.0,-9.0
10057,2024-01-17,2,0,0,BSL,BSL Station,590,593.2067667573211,3.206766757321175,86.10605407766637,3,2,9,9,8,8,8,8,8,12,9.0,1.0
10057,2024-01-17,3,0,0,NGP,NGP Station,498,502.81267576202725,4.812675762027229,124.05654012018556,6,2,8,8,9,9,9,9,9,11,7.0,-2.0
10057,2024-01-17,4,0,0,MAS,MAS Station,1056,1058.3166907109642,2.3166907109641937,96.6268329355868,1,2,17,17,7,7,7,7,7,10,0.0,-7.0
10057,2024-01-17,5,0,0,AMI,AMI Station,852,856.3140701887947,4.314070188794691,119.45341351501963,3,2,14,14,0,0,0,0,0,8,0.0,0.0
10057,2024-01-17,6,0,0,AK,AK Station,567,569.6556770169594,2.6556770169594794,73.59646241907949,8,2,9,9,0,0,0,0,0,6,0.0,0.0
10057,2024-01-17,7,0,0,MUMBAI,MUMBAI Station,247,249.88693058136585,2.886930581365851,104.02584653504465,6,2,4,4,0,0,0,0,0,5,0.0,0.0
10057,2024-01-17,8,0,0,JP,JP Station,44,47.447587769849456,3.4475877698494566,91.70418899267803,8,2,0,0,0,0,0,0,0,4,2.0,2.0
10057,2024-01-17,9,0,0,HDP,HDP Station,1328,1332.2371235098585,4.2371235098584465,106.32013697548847,3,2,22,22,2,2,2,2,2,3,10.0,8.0
10058,2024-01-18,1,1,0,NGP,NGP Station,957,961.527859954779,4.527859954779061,0.0,4,3,15,15,7,0,0,7,7,7,8.0,1.0
10058,2024-01-18,2,0,0,AMI,AMI Station,260,263.34397119265196,3.3439711926519706,124.25335425677139,6,3,4,4,8,8,8,8,8,7,0.0,-8.0
10058,2024-01-18,3,0,0,AK,AK Station,56,61.058092135924525,5.058092135924529,57.94647710282811,7,3,0,0,0,0,0,0,0,4,6.0,6.0
10058,2024-01-18,4,0,0,HDP,HDP Station,740,743.3960301220005,3.396030122000505,115.44707000213535,7,3,12,12,6,6,6,6,6,4,1.0,-5.0
10058,2024-01-18,5,0,0,PUNE,PUNE Station,1008,1008.0,0.0,86.38431272209019,5,3,16,16,1,1,1,1,1,3,1.0,0.0
10058,2024-01-18,6,0,0,JP,JP Station,714,715.9026861455706,1.902686145570514,85.03283947175751,6,3,11,11,1,1,1,1,1,2,0.0,-1.0
10058,2024-01-18,7,0,0,BSL,BSL Station,99,100.98083861560244,1.9808386156024305,91.4407372256749,7,3,1,1,0,0,0,0,0,1,0.0,0.0
10058,2024-01-18,8,0,0,MAS,MAS Station,307,310.50126462586735,3.5012646258673463,86.89481902350502,6,3,5,5,0,0,0,0,0,0,0.0,0.0
10058,2024-01-18,9,0,0,BPL,BPL Station,1374,1378.1359004003032,4.1359004003031075,59.90248014341746,5,3,22,22,0,0,0,0,0,0,0.0,0.0
10059,2024-01-19,1,1,0,NGP,NGP Station,545,548.6301769973779,3.6301769973779594,0.0,3,4,9,9,0,0,0,0,0,0,3.0,3.0
10059,2024-01-19,2,0,0,BPL,BPL Station,1313,1314.0479847097467,1.047984709746631,105.01072230870611,5,4,21,21,3,3,3,3,3,1,1.0,-2.0
10059,2024-01-19,3,0,0,JP,JP Station,725,727.2000428998582,2.200042899858194,94.51396275623046,7,4,12,12,1,1,1,1,1,1,0.0,-1.0
10059,2024-01-19,4,0,0,BSL,BSL Station,845,847.2292420747358,2.229242074735842,99.07017425108936,2,4,14,14,0,0,0,0,0,0,5.0,5.0
10059,2024-01-19,5,0,0,MAS,MAS Station,1273,1275.3400556313902,2.3400556313901353,100.9939883662201,7,4,21,21,5,5,5,5,5,1,3.0,-2.0
10059,2024-01-19,6,0,0,AK,AK Station,155,160.01870490104432,5.018704901044304,98.18901043851247,8,4,2,2,3,3,3,3,3,1,7.0,4.0
10059,2024-01-19,7,0,0,MUMBAI,MUMBAI Station,1026,1028.3021747000728,2.3021747000728796,84.22409394601027,4,4,17,17,7,7,7,7,7,1,1.0,-6.0
10059,2024-01-19,8,0,0,AMI,AMI Station,1094,1098.9298960540964,4.929896054096437,65.95700947847823,4,4,18,18,1,1,1,1,1,1,4.0,3.0
10059,2024-01-19,9,0,0,HDP,HDP Station,991,994.2296529894015,3.229652989401488,110.36314495297503,6,4,16,16,4,4,4,4,4,1,0.0,-4.0
10060,2024-01-15,1,1,0,BPL,BPL Station,1184,1187.3813874196114,3.3813874196114946,0.0,6,0,19,19,2,0,0,2,2,2,0.0,-2.0
10060,2024-01-15,2,0,0,BSL,BSL Station,161,163.91511726665016,2.915117266650156,114.37941579587326,9,0,2,2,0,0,0,0,0,1,4.0,4.0
10060,2024-01-15,3,0,0,NGP,NGP Station,1382,1386.1395684432262,4.139568443226253,100.76265929136932,4,0,23,23,4,4,4,4,4,2,2.0,-2.0
10060,2024-01-15,4,0,0,PUNE,PUNE Station,1420,1423.6774160240893,3.677416024089384,82.68925432483655,8,0,23,23,2,2,2,2,2,2,0.0,-2.0
10060,2024-01-15,5,0,0,MAS,MAS Station,54,57.8697859279427,3.869785927942698,91.46869038482238,7,0,0,0,0,0,0,0,0,1,0.0,0.0
10060,2024-01-15,6,0,0,AK,AK Station,768,769.5547836933972,1.55478369339721,77.52141398434516,3,0,12,12,0,0,0,0,0,0,1.0,1.0
10060,2024-01-15,7,0,0,JP,JP Station,689,689.0,0.0,80.91662827680823,8,0,11,11,1,1,1,1,1,0,0.0,-1.0
10061,2024-01-16,1,1,0,BPL,BPL Station,1321,1322.5711628157721,1.5711628157721549,0.0,9,1,22,22,0,0,0,0,0,0,6.0,6.0
10061,2024-01-16,2,0,0,BSL,BSL Station,615,617.840667759237,2.840667759236983,51.812878249854144,5,1,10,10,6,6,6,6,6,3,0.0,-6.0
10061,2024-01-16,3,0,0,PUNE,PUNE Station,545,546.9629382538791,1.9629382538790963,110.90269096768537,4,1,9,9,0,0,0,0,0,2,0.0,0.0
10061,2024-01-16,4,0,0,MUMBAI,MUMBAI Station,854,857.5114290353324,3.5114290353324398,99.46943798070457,7,1,14,14,0,0,0,0,0,1,0.0,0.0
10061,2024-01-16,5,0,0,AMI,AMI Station,1319,1323.8153652507604,4.815365250760315,84.61966907170356,1,1,21,21,0,0,0,0,0,0,0.0,0.0
10061,2024-01-16,6,0,0,AK,AK Station,424,425.712779131155,1.7127791311550054,92.8357084092054,5,1,7,7,0,0,0,0,0,0,2.0,2.0
10061,2024-01-16,7,0,0,JP,JP Station,553,553.0,0.0,82.50355886756388,3,1,9,9,2,2,2,2,2,0,0.0,-2.0
10061,2024-01-16,8,0,0,MAS,MAS Station,41,46.76435457245697,5.764354572456975,76.61990754240365,7,1,0,0,0,0,0,0,0,0,1.0,1.0
10061,2024-01-16,9,0,0,NGP,NGP Station,84,85.79045595429555,1.790455954295548,63.08833199790068,6,1,1,1,1,1,1,1,1,0,0.0,-1.0
10062,2024-01-17,1,1,0,MUMBAI,MUMBAI Station,651,655.462968687717,4.462968687716968,0.0,9,2,10,10,9,0,0,9,9,9,4.0,-5.0
10062,2024-01-17,2,0,0,AK,AK Station,363,366.7017400878539,3.701740087853937,131.62539257533444,6,2,6,6,4,4,4,4,4,6,12.0,8.0
10062,2024-01-17,3,0,0,HDP,HDP Station,608,610.690527794571,2.6905277945710067,107.85907740217539,3,2,10,10,12,12,12,12,12,8,12.0,0.0
10062,2024-01-17,4,0,0,NGP,NGP Station,1081,1081.4729489590213,0.47294895902126166,48.70605020082495,2,2,18,18,12,12,12,12,12,9,7.0,-5.0
10062,2024-01-17,5,0,0,PUNE,PUNE Station,158,161.31456994879605,3.3145699487960503,93.70351073659828,1,2,2,2,7,7,7,7,7,8,8.0,1.0
10063,2024-01-18,1,1,0,BSL,BSL Station,362,363.9136302019125,1.9136302019124893,0.0,3,3,6,6,12,0,0,12,12,12,15.0,3.0
10063,2024-01-18,2,0,0,PUNE,PUNE Station,348,353.5326632336192,5.532663233619197,104.71243994491493,4,3,5,5,15,15,15,15,15,13,14.0,-1.0
10063,2024-01-18,3,0,0,AK,AK Station,1351,1355.0933637333442,4.093363733344173,69.25468518074544,8,3,22,22,14,14,14,14,14,13,13.0,-1.0
10063,2024-01-18,4,0,0,AMI,AMI Station,876,880.9667338021688,4.966733802168896,66.70378121322793,9,3,14,14,13,13,13,13,13,13,7.0,-6.0
10063,2024-01-18,5,0,0,HDP,HDP Station,266,267.72972355081197,1.729723550811953,114.99237810593334,9,3,4,4,7,7,7,7,7,11,2.0,-5.0
10063,2024-01-18,6,0,0,NGP,NGP Station,729,729.0,0.0,86.28765064164159,4,3,12,12,2,2,2,2,2,9,2.0,0.0
10063,2024-01-18,7,0,0,MAS,MAS Station,1380,1384.7918451467763,4.791845146776193,108.41451025787786,6,3,23,23,2,2,2,2,2,8,5.0,3.0
10063,2024-01-18,8,0,0,BPL,BPL Station,1214,1217.1157171788248,3.1157171788246893,93.69420949562166,7,3,20,20,5,5,5,5,5,7,0.0,-5.0
10063,2024-01-18,9,0,0,JP,JP Station,1185,1188.2944566253866,3.294456625386533,74.04372503325328,2,3,19,19,0,0,0,0,0,6,0.0,0.0
10064,2024-01-19,1,1,0,BSL,BSL Station,64,68.780101930266,4.780101930265996,0.0,7,4,1,1,16,0,0,16,16,16,5.0,-11.0
10064,2024-01-19,2,0,0,JP,JP Station,913,914.6430784375093,1.643078437509351,113.4551369053489,7,4,15,15,5,5,5,5,5,10,4.0,-1.0
10064,2024-01-19,3,0,0,HDP,HDP Station,1336,1338.4329881514727,2.4329881514726743,74.79621102075828,4,4,22,22,4,4,4,4,4,8,2.0,-2.0
10064,2024-01-19,4,0,0,AK,AK Station,433,434.62558884915444,1.6255888491544126,117.10885602210992,3,4,7,7,2,2,2,2,2,6,0.0,-2.0
10064,2024-01-19,5,0,0,NGP,NGP Station,930,934.3865014244876,4.3865014244876726,118.36480709515129,9,4,15,15,0,0,0,0,0,4,0.0,0.0
10065,2024-01-15,1,1,0,NGP,NGP Station,602,604.4080597817024,2.4080597817024008,0.0,3,0,10,10,0,0,0,0,0,0,0.0,0.0
10065,2024-01-15,2,0,0,AMI,AMI Station,944,947.518420124578,3.5184201245780526,105.61630855628275,3,0,15,15,0,0,0,0,0,0,10.0,10.0
10065,2024-01-15,3,0,0,JP,JP Station,206,207.22718881186879,1.2271888118687984,98.98947825664614,9,0,3,3,10,10,10,10,10,3,4.0,-6.0
10065,2024-01-15,4,0,0,BSL,BSL Station,342,343.47786076022123,1.4778607602212217,84.07907799357528,3,0,5,5,4,4,4,4,4,3,2.0,-2.0
10065,2024-01-15,5,0,0,BPL,BPL Station,1212,1213.7200450397604,1.7200450397605003,91.70568466986704,3,0,20,20,2,2,2,2,2,2,0.0,-2.0
10065,2024-01-15,6,0,0,HDP,HDP Station,133,136.66190730178252,3.6619073017825317,88.51506668031278,6,0,2,2,0,0,0,0,0,1,0.0,0.0
10065,2024-01-15,7,0,0,MUMBAI,MUMBAI Station,485,486.7434358521575,1.7434358521575457,68.41215085801292,1,0,8,8,0,0,0,0,0,0,5.0,5.0
10065,2024-01-15,8,0,0,MAS,MAS Station,415,418.20344801316395,3.2034480131639302,76.01363584344676,3,0,6,6,5,5,5,5,5,0,6.0,1.0
10065,2024-01-15,9,0,0,PUNE,PUNE Station,1432,1434.4387295860147,2.4387295860147242,86.8886861095633,9,0,23,23,6,6,6,6,6,0,0.0,-6.0
10066,2024-01-16,1,1,0,HDP,HDP Station,635,636.5330296841862,1.5330296841862128,0.0,4,1,10,10,4,0,0,4,4,4,0.0,-4.0
10066,2024-01-16,2,0,0,JP,JP Station,44,44.30916125319816,0.3091612531981647,62.89104993775422,5,1,0,0,0,0,0,0,0,2,2.0,2.0
10066,2024-01-16,3,0,0,AK,AK Station,744,747.266625159402,3.266625159402047,93.4505356584618,2,1,12,12,2,2,2,2,2,2,0.0,-2.0
10066,2024-01-16,4,0,0,AMI,AMI Station,1029,1032.2726470247997,3.2726470247996446,55.813807095843785,2,1,17,17,0,0,0,0,0,1,0.0,0.0
10066,2024-01-16,5,0,0,MAS,MAS Station,419,421.4576171291366,2.4576171291366107,100.1193110691173,6,1,6,6,0,0,0,0,0,0,0.0,0.0
10066,2024-01-16,6,0,0,PUNE,PUNE Station,1206,1210.4938079649885,4.493807964988392,95.09993501349197,3,1,20,20,0,0,0,0,0,0,8.0,8.0
10066,2024-01-16,7,0,0,NGP,NGP Station,1078,1079.45809485839,1.4580948583899915,107.61428776012968,9,1,17,17,8,8,8,8,8,1,0.0,-8.0
10067,2024-01-17,1,1,0,PUNE,PUNE Station,172,175.39077613278062,3.39077613278063,0.0,7,2,2,2,0,0,0,0,0,0,0.0,0.0
10067,2024-01-17,2,0,0,AK,AK Station,1222,1226.7673421393238,4.767342139323842,70.33755730836316,8,2,20,20,0,0,0,0,0,0,0.0,0.0
10067,2024-01-17,3,0,0,JP,JP Station,456,459.5980427754334,3.5980427754333566,80.2152153400181,7,2,7,7,0,0,0,0,0,0,7.0,7.0
10067,2024-01-17,4,0,0,MUMBAI,MUMBAI Station,1261,1263.3953860164024,2.395386016402454,64.70627136487883,6,2,21,21,7,7,7,7,7,1,3.0,-4.0
10067,2024-01-17,5,0,0,NGP,NGP Station,462,467.4275719932717,5.427571993271753,84.77907616239695,1,2,7,7,3,3,3,3,3,1,0.0,-3.0
10067,2024-01-17,6,0,0,HDP,HDP Station,317,317.9553824826535,0.9553824826534596,90.52254945871577,8,2,5,5,0,0,0,0,0,0,0.0,0.0
10067,2024-01-17,7,0,0,AMI,AMI Station,485,485.0,0.0,59.795395091662044,5,2,8,8,0,0,0,0,0,0,0.0,0.0
10067,2024-01-17,8,0,0,BPL,BPL Station,631,634.8651907358707,3.8651907358707254,101.47488842008826,9,2,10,10,0,0,0,0,0,0,3.0,3.0
10067,2024-01-17,9,0,0,MAS,MAS Station,1351,1354.74863469258,3.7486346925799836,101.26919908366477,5,2,22,22,3,3,3,3,3,0,1.0,-2.0
10068,2024-01-18,1,1,0,MUMBAI,MUMBAI Station,894,896.8254140057088,2.8254140057088355,0.0,3,3,14,14,0,0,0,0,0,0,2.0,2.0
10068,2024-01-18,2,0,0,JP,JP Station,1262,1265.189784807527,3.1897848075270825,75.30883806269057,3,3,21,21,2,2,2,2,2,1,0.0,-2.0
10068,2024-01-18,3,0,0,HDP,HDP Station,186,189.10326859692577,3.103268596925779,93.50573557867848,5,3,3,3,0,0,0,0,0,0,0.0,0.0
10068,2024-01-18,4,0,0,PUNE,PUNE Station,1362,1363.265524331498,1.2655243314980336,135.12544530275702,1,3,22,22,0,0,0,0,0,0,0.0,0.0
10068,2024-01-18,5,0,0,AK,AK Station,525,527.8786822532018,2.878682253201808,57.24790165086657,9,3,8,8,0,0,0,0,0,0,5.0,5.0
10068,2024-01-18,6,0,0,MAS,MAS Station,406,410.45529524002797,4.45529524002795,65.90128797543923,9,3,6,6,5,5,5,5,5,0,11.0,6.0
10068,2024-01-18,7,0,0,BSL,BSL Station,219,220.90721766897846,1.907217668978471,109.05360825683343,4,3,3,3,11,11,11,11,11,1,0.0,-11.0
10068,2024-01-18,8,0,0,BPL,BPL Station,1367,1370.1655844586614,3.1655844586615456,100.14841855666577,8,3,22,22,0,0,0,0,0,0,0.0,0.0
10068,2024-01-18,9,0,0,AMI,AMI Station,439,441.1508071170887,2.150807117088648,99.92398374726633,2,3,7,7,0,0,0,0,0,0,4.0,4.0
10069,2024-01-19,1,1,0,JP,JP Station,1254,1257.6371342716986,3.6371342716985433,0.0,6,4,20,20,9,0,0,9,9,9,14.0,5.0
10069,2024-01-19,2,0,0,NGP,NGP Station,791,793.1995995403413,2.1995995403412496,78.91889413174432,1,4,13,13,14,14,14,14,14,11,13.0,-1.0
10069,2024-01-19,3,0,0,PUNE,PUNE Station,51,52.80666439808868,1.8066643980886765,98.48787875722024,3,4,0,0,13,13,13,13,13,11,4.0,-9.0
10069,2024-01-19,4,0,0,BPL,BPL Station,1193,1198.3032026749017,5.303202674901786,93.31466721729835,3,4,19,19,4,4,4,4,4,9,1.0,-3.0
10069,2024-01-19,5,0,0,MAS,MAS Station,1387,1392.0521477226457,5.052147722645719,66.62517943013748,7,4,23,23,1,1,1,1,1,7,3.0,2.0
10069,2024-01-19,6,0,0,HDP,HDP Station,632,635.7797951596997,3.7797951596997192,67.86761178637448,2,4,10,10,3,3,3,3,3,6,7.0,4.0
10069,2024-01-19,7,0,0,AMI,AMI Station,759,761.7247691355022,2.7247691355022394,56.60399693807306,4,4,12,12,7,7,7,7,7,6,0.0,-7.0
10069,2024-01-19,8,0,0,MUMBAI,MUMBAI Station,990,991.7702016824494,1.770201682449372,91.2185818769872,1,4,16,16,0,0,0,0,0,5,0.0,0.0
10069,2024-01-19,9,0,0,AK,AK Station,893,898.7142723777779,5.71427237777791,60.5152544220918,9,4,14,14,0,0,0,0,0,4,0.0,0.0
10070,2024-01-15,1,1,0,AMI,AMI Station,704,708.1256698563311,4.1256698563310605,0.0,9,0,11,11,0,0,0,0,0,0,5.0,5.0
10070,2024-01-15,2,0,0,MAS,MAS Station,168,171.34361203230856,3.343612032308554,111.48636025431122,9,0,2,2,5,5,5,5,5,2,0.0,-5.0
10070,2024-01-15,3,0,0,HDP,HDP Station,15,18.726780518217023,3.726780518217023,69.38621197159063,3,0,0,0,0,0,0,0,0,1,0.0,0.0
10070,2024-01-15,4,0,0,BPL,BPL Station,583,585.2424270232295,2.242427023229566,115.47348495809388,9,0,9,9,0,0,0,0,0,0,0.0,0.0
10070,2024-01-15,5,0,0,MUMBAI,MUMBAI Station,1180,1185.794119738536,5.794119738535894,91.42507499821785,4,0,19,19,0,0,0,0,0,0,5.0,5.0
10070,2024-01-15,6,0,0,JP,JP Station,351,355.84765234423423,4.8476523442342385,57.19077285887183,4,0,5,5,5,5,5,5,5,0,8.0,3.0
10070,2024-01-15,7,0,0,PUNE,PUNE Station,196,199.90618133438278,3.9061813343827767,87.85290418571967,4,0,3,3,8,8,8,8,8,1,4.0,-4.0
10070,2024-01-15,8,0,0,NGP,NGP Station,961,962.7495457826374,1.749545782637322,103.48898804807337,9,0,16,16,4,4,4,4,4,1,1.0,-3.0
10070,2024-01-15,9,0,0,AK,AK Station,1356,1359.6763370628187,3.6763370628187726,130.9962419157185,8,0,22,22,1,1,1,1,1,1,3.0,2.0
10071,2024-01-16,1,1,0,JP,JP Station,804,807.281308176621,3.281308176620943,0.0,7,1,13,13,16,0,0,16,16,16,8.0,-8.0
10071,2024-01-16,2,0,0,AMI,AMI Station,537,541.2166325096844,4.216632509684386,82.50391231009857,4,1,8,8,8,8,8,8,8,12,2.0,-6.0
10071,2024-01-16,3,0,0,MAS,MAS Station,1101,1101.6857977271854,0.6857977271855313,77.34489940229922,8,1,18,18,2,2,2,2,2,8,0.0,-2.0
10071,2024-01-16,4,0,0,BPL,BPL Station,294,298.57677567022483,4.57677567022486,98.0544443374564,4,1,4,4,0,0,0,0,0,6,0.0,0.0
10071,2024-01-16,5,0,0,MUMBAI,MUMBAI Station,408,410.96546271833023,2.9654627183302487,75.42643866108419,8,1,6,6,0,0,0,0,0,4,0.0,0.0
10071,2024-01-16,6,0,0,PUNE,PUNE Station,41,42.8616427407194,1.8616427407194,105.60252011747637,7,1,0,0,0,0,0,0,0,3,0.0,0.0
10071,2024-01-16,7,0,0,BSL,BSL Station,575,578.6671607117474,3.667160711747392,73.48692634395715,7,1,9,9,0,0,0,0,0,2,0.0,0.0
10071,2024-01-16,8,0,0,AK,AK Station,923,925.7722199574102,2.77221995741026,74.94489301750446,2,1,15,15,0,0,0,0,0,1,0.0,0.0
10072,2024-01-17,1,1,0,HDP,HDP Station,722,726.0381792576327,4.038179257632736,0.0,6,2,12,12,11,0,0,11,11,11,4.0,-7.0
10072,2024-01-17,2,0,0,BPL,BPL Station,1226,1228.3612076203976,2.3612076203976033,88.76893324129611,7,2,20,20,4,4,4,4,4,7,1.0,-3.0
10072,2024-01-17,3,0,0,MUMBAI,MUMBAI Station,41,41.98302645879586,0.9830264587958624,94.23200761177014,4,2,0,0,1,1,1,1,1,5,3.0,2.0
10072,2024-01-17,4,0,0,NGP,NGP Station,424,424.09715412278837,0.09715412278836366,86.99071200353853,1,2,7,7,3,3,3,3,3,4,1.0,-2.0
10072,2024-01-17,5,0,0,MAS,MAS Station,322,322.6712290115707,0.6712290115706696,107.95515797430312,2,2,5,5,1,1,1,1,1,3,0.0,-1.0
10073,2024-01-18,1,1,0,AMI,AMI Station,1288,1288.0,0.0,0.0,7,3,21,21,12,0,0,12,12,12,0.0,-12.0
10073,2024-01-18,2,0,0,MAS,MAS Station,804,806.7278263961288,2.727826396128725,87.8732599493737,9,3,13,13,0,0,0,0,0,6,0.0,0.0
10073,2024-01-18,3,0,0,NGP,NGP Station,321,321.32043680196796,0.3204368019679702,100.20455290339216,1,3,5,5,0,0,0,0,0,4,3.0,3.0
10073,2024-01-18,4,0,0,BSL,BSL Station,657,661.8295661248353,4.8295661248352895,105.92185411997137,1,3,10,10,3,3,3,3,3,3,0.0,-3.0
10073,2024-01-18,5,0,0,MUMBAI,MUMBAI Station,290,292.8169143018181,2.816914301818084,61.81786144488046,9,3,4,4,0,0,0,0,0,2,1.0,1.0
10073,2024-01-18,6,0,0,HDP,HDP Station,261,262.92797898451437,1.9279789845143522,100.42559810027629,6,3,4,4,1,1,1,1,1,1,0.0,-1.0
10073,2024-01-18,7,0,0,AK,AK Station,540,543.945588708048,3.9455887080480845,90.6780156825092,2,3,9,9,0,0,0,0,0,0,0.0,0.0
10073,2024-01-18,8,0,0,PUNE,PUNE Station,331,332.5366441511156,1.536644151115577,105.50628421039293,7,3,5,5,0,0,0,0,0,0,0.0,0.0
10074,2024-01-19,1,1,0,HDP,HDP Station,535,538.9709012296607,3.970901229660732,0.0,6,4,8,8,0,0,0,0,0,0,1.0,1.0
10074,2024-01-19,2,0,0,JP,JP Station,1077,1080.3386422846677,3.338642284667632,90.35226503867315,4,4,17,17,1,1,1,1,1,0,0.0,-1.0
10074,2024-01-19,3,0,0,BPL,BPL Station,1378,1378.4251871677204,0.4251871677203205,96.22896311649424,8,4,22,22,0,0,0,0,0,0,0.0,0.0
10074,2024-01-19,4,0,0,AK,AK Station,203,203.9912573966953,0.9912573966952776,93.1948673410149,6,4,3,3,0,0,0,0,0,0,0.0,0.0
10074,2024-01-19,5,0,0,MAS,MAS Station,448,448.5032848970002,0.5032848970001669,48.488239818429335,2,4,7,7,0,0,0,0,0,0,0.0,0.0
10074,2024-01-19,6,0,0,NGP,NGP Station,107,111.68853922402538,4.688539224025374,66.01725531303458,8,4,1,1,0,0,0,0,0,0,6.0,6.0
10074,2024-01-19,7,0,0,AMI,AMI Station,573,576.4794490138762,3.4794490138762146,93.62125485542165,5,4,9,9,6,6,6,6,6,0,10.0,4.0
10074,2024-01-19,8,0,0,BSL,BSL Station,506,508.0447106196071,2.0447106196070894,98.39320489624131,6,4,8,8,10,10,10,10,10,1,6.0,-4.0
10074,2024-01-19,9,0,0,MUMBAI,MUMBAI Station,702,705.1029555726416,3.102955572641573,91.07045595798091,2,4,11,11,6,6,6,6,6,1,2.0,-4.0
10075,2024-01-15,1,1,0,MAS,MAS Station,858,858.957791495801,0.9577914958009064,0.0,2,0,14,14,0,0,0,0,0,0,0.0,0.0
10075,2024-01-15,2,0,0,AK,AK Station,85,87.1694683869555,2.1694683869555043,76.41390461268529,1,0,1,1,0,0,0,0,0,0,6.0,6.0
10075,2024-01-15,3,0,0,NGP,NGP Station,1074,1077.8359564406708,3.83595644067073,87.31709647467085,2,0,17,17,6,6,6,6,6,2,5.0,-1.0
10075,2024-01-15,4,0,0,MUMBAI,MUMBAI Station,994,996.1517330676735,2.1517330676735305,66.47653326890439,2,0,16,16,5,5,5,5,5,2,5.0,0.0
10075,2024-01-15,5,0,0,BSL,BSL Station,82,86.07902717393625,4.079027173936253,100.84597538611483,2,0,1,1,5,5,5,5,5,2,6.0,1.0
10075,2024-01-15,6,0,0,BPL,BPL Station,391,395.9247104579471,4.924710457947121,93.75863304542298,2,0,6,6,6,6,6,6,6,2,11.0,5.0
10075,2024-01-15,7,0,0,PUNE,PUNE Station,1079,1081.5828211545331,2.5828211545331428,83.25623724417655,3,0,17,17,11,11,11,11,11,3,9.0,-2.0
10075,2024-01-15,8,0,0,JP,JP Station,326,330.2423445352769,4.242344535276934,72.23073595282382,2,0,5,5,9,9,9,9,9,3,5.0,-4.0
10075,2024-01-15,9,0,0,HDP,HDP Station,1249,1251.508087119599,2.5080871195989616,106.02161927576371,7,0,20,20,5,5,5,5,5,3,9.0,4.0
10076,2024-01-16,1,1,0,BPL,BPL Station,1163,1166.7093756267882,3.709375626788243,0.0,5,1,19,19,3,0,0,3,3,3,2.0,-1.0
10076,2024-01-16,2,0,0,NGP,NGP Station,227,232.47359943080073,5.47359943080073,102.52980803021117,5,1,3,3,2,2,2,2,2,2,0.0,-2.0
10076,2024-01-16,3,0,0,MUMBAI,MUMBAI Station,976,980.4941773223667,4.494177322366694,80.59512815393438,5,1,16,16,0,0,0,0,0,1,0.0,0.0
10076,2024-01-16,4,0,0,MAS,MAS Station,368,371.00106518234895,3.0010651823489454,86.49102340540979,8,1,6,6,0,0,0,0,0,0,0.0,0.0
10076,2024-01-16,5,0,0,AK,AK Station,1254,1254.4951984999893,0.4951984999894039,96.03400017803472,9,1,20,20,0,0,0,0,0,0,0.0,0.0
10076,2024-01-16,6,0,0,BSL,BSL Station,1407,1411.6626849846643,4.662684984664235,98.36197210874471,3,1,23,23,0,0,0,0,0,0,5.0,5.0
10076,2024-01-16,7,0,0,PUNE,PUNE Station,251,255.2744179827743,4.274417982774319,79.17749254930314,1,1,4,4,5,5,5,5,5,0,0.0,-5.0
10076,2024-01-16,8,0,0,AMI,AMI Station,7,12.090181791286646,5.090181791286647,104.2109820459557,8,1,0,0,0,0,0,0,0,0,9.0,9.0
10076,2024-01-16,9,0,0,HDP,HDP Station,1073,1075.8049095596696,2.80490955966957,78.91324065373338,7,1,17,17,9,9,9,9,9,1,4.0,-5.0
10077,2024-01-17,1,1,0,PUNE,PUNE Station,791,793.546555351192,2.546555351191966,0.0,1,2,13,13,0,0,0,0,0,0,0.0,0.0
10077,2024-01-17,2,0,0,BSL,BSL Station,1003,1007.2718982600298,4.2718982600298965,84.74680959367664,4,2,16,16,0,0,0,0,0,0,0.0,0.0
10077,2024-01-17,3,0,0,JP,JP Station,1088,1088.9255975745248,0.9255975745248284,66.38193096858389,1,2,18,18,0,0,0,0,0,0,3.0,3.0
10077,2024-01-17,4,0,0,AMI,AMI Station,345,348.2583815796166,3.258381579616556,120.37436705433588,2,2,5,5,3,3,3,3,3,0,3.0,0.0
10077,2024-01-17,5,0,0,HDP,HDP Station,135,138.60328895617158,3.603288956171583,86.48965144425902,6,2,2,2,3,3,3,3,3,0,0.0,-3.0
10077,2024-01-17,6,0,0,MUMBAI,MUMBAI Station,710,714.6266443660766,4.626644366076594,94.84694556729448,3,2,11,11,0,0,0,0,0,0,0.0,0.0
10077,2024-01-17,7,0,0,AK,AK Station,232,235.14545526514127,3.1454552651412744,87.1142411472652,5,2,3,3,0,0,0,0,0,0,2.0,2.0
10077,2024-01-17,8,0,0,MAS,MAS Station,1072,1074.6226287538516,2.6226287538516315,133.68193466760914,6,2,17,17,2,2,2,2,2,0,0.0,-2.0
10077,2024-01-17,9,0,0,BPL,BPL Station,547,550.9452231646418,3.945223164641792,52.465625386345266,8,2,9,9,0,0,0,0,0,0,3.0,3.0
10078,2024-01-18,1,1,0,BPL,BPL Station,1293,1298.1870379133466,5.1870379133464874,0.0,4,3,21,21,0,0,0,0,0,0,0.0,0.0
10078,2024-01-18,2,0,0,MUMBAI,MUMBAI Station,1204,1205.7485303889391,1.7485303889391421,101.66885956996134,3,3,20,20,0,0,0,0,0,0,2.0,2.0
10078,2024-01-18,3,0,0,AK,AK Station,532,534.0055318298662,2.00553182986617,106.33677419264504,8,3,8,8,2,2,2,2,2,0,0.0,-2.0
10078,2024-01-18,4,0,0,JP,JP Station,491,495.7476856097302,4.747685609730202,90.43762641142636,2,3,8,8,0,0,0,0,0,0,4.0,4.0
10079,2024-01-19,1,1,0,PUNE,PUNE Station,856,858.1033595008354,2.103359500835357,0.0,3,4,14,14,6,0,0,6,6,6,0.0,-6.0
10079,2024-01-19,2,0,0,JP,JP Station,775,778.0270253080666,3.02702530806667,99.45260691686812,5,4,12,12,0,0,0,0,0,3,8.0,8.0
10079,2024-01-19,3,0,0,NGP,NGP Station,895,895.0,0.0,84.39790951640057,9,4,14,14,8,8,8,8,8,4,0.0,-8.0
10079,2024-01-19,4,0,0,MUMBAI,MUMBAI Station,1361,1362.5225103112746,1.5225103112744773,93.97360019094813,2,4,22,22,0,0,0,0,0,3,0.0,0.0
10079,2024-01-19,5,0,0,BSL,BSL Station,906,907.169213737923,1.1692137379229313,113.55089449539172,2,4,15,15,0,0,0,0,0,2,6.0,6.0
10079,2024-01-19,6,0,0,MAS,MAS Station,933,937.5009940577376,4.500994057737516,96.473968840298,6,4,15,15,6,6,6,6,6,2,0.0,-6.0
10079,2024-01-19,7,0,0,BPL,BPL Station,163,163.6773138148476,0.6773138148475928,79.93686191451465,1,4,2,2,0,0,0,0,0,1,2.0,2.0
10079,2024-01-19,8,0,0,AK,AK Station,25,28.42079851083289,3.4207985108328876,110.32187043293933,8,4,0,0,2,2,2,2,2,1,0.0,-2.0
10079,2024-01-19,9,0,0,HDP,HDP Station,858,862.2903944571018,4.290394457101793,77.03379459712609,1,4,14,14,0,0,0,0,0,0,4.0,4.0
10080,2024-01-15,1,1,0,JP,JP Station,756,758.3773495665549,2.377349566554946,0.0,7,0,12,12,5,0,0,5,5,5,5.0,0.0
10080,2024-01-15,2,0,0,AK,AK Station,1222,1226.0646764358755,4.064676435875532,119.24391877435274,5,0,20,20,5,5,5,5,5,5,13.0,8.0
10080,2024-01-15,3,0,0,AMI,AMI Station,549,550.536929647246,1.5369296472459937,108.72071308967816,2,0,9,9,13,13,13,13,13,7,1.0,-12.0
10080,2024-01-15,4,0,0,PUNE,PUNE Station,1231,1233.5711825557098,2.571182555709788,108.19620444907144,4,0,20,20,1,1,1,1,1,5,0.0,-1.0
10080,2024-01-15,5,0,0,MAS,MAS Station,663,666.8447031827524,3.844703182752389,63.518263402682265,5,0,11,11,0,0,0,0,0,4,2.0,2.0
10080,2024-01-15,6,0,0,BSL,BSL Station,326,328.5114113348944,2.5114113348943676,82.0632355851071,4,0,5,5,2,2,2,2,2,3,5.0,3.0
10080,2024-01-15,7,0,0,BPL,BPL Station,352,352.73158661088837,0.731586610888388,72.01251745690692,1,0,5,5,5,5,5,5,5,3,4.0,-1.0
10080,2024-01-15,8,0,0,NGP,NGP Station,1347,1350.119702226088,3.1197022260880996,86.4036673723992,2,0,22,22,4,4,4,4,4,3,8.0,4.0
10080,2024-01-15,9,0,0,MUMBAI,MUMBAI Station,284,285.3520693622333,1.3520693622332818,118.41008574542127,6,0,4,4,8,8,8,8,8,3,8.0,0.0
10081,2024-01-16,1,1,0,PUNE,PUNE Station,1104,1104.8377202595543,0.8377202595542581,0.0,5,1,18,18,0,0,0,0,0,0,0.0,0.0
10081,2024-01-16,2,0,0,AK,AK Station,188,190.69947113330875,2.699471133308754,94.63684184269697,3,1,3,3,0,0,0,0,0,0,0.0,0.0
10081,2024-01-16,3,0,0,JP,JP Station,483,487.3106579940732,4.310657994073194,67.74738877523723,2,1,8,8,0,0,0,0,0,0,0.0,0.0
10081,2024-01-16,4,0,0,MAS,MAS Station,375,377.7821230586175,2.782123058617517,83.5888083494763,1,1,6,6,0,0,0,0,0,0,1.0,1.0
10081,2024-01-16,5,0,0,BSL,BSL Station,563,563.4776343503488,0.4776343503488394,109.15583228945812,7,1,9,9,1,1,1,1,1,0,1.0,0.0
10081,2024-01-16,6,0,0,HDP,HDP Station,862,867.5461482720052,5.546148272005155,76.38234190984203,9,1,14,14,1,1,1,1,1,0,7.0,6.0
10081,2024-01-16,7,0,0,BPL,BPL Station,654,656.8995601450542,2.8995601450542905,90.77007291269618,8,1,10,10,7,7,7,7,7,1,4.0,-3.0
10081,2024-01-16,8,0,0,MUMBAI,MUMBAI Station,453,455.8399864770835,2.8399864770835186,112.98518700061268,9,1,7,7,4,4,4,4,4,1,0.0,-4.0
10081,2024-01-16,9,0,0,NGP,NGP Station,763,767.6574128833464,4.657412883346458,122.38018574574602,1,1,12,12,0,0,0,0,0,0,3.0,3.0
10082,2024-01-17,1,1,0,MUMBAI,MUMBAI Station,409,412.5688234852502,3.568823485250205,0.0,5,2,6,6,1,0,0,1,1,1,0.0,-1.0
10082,2024-01-17,2,0,0,NGP,NGP Station,73,77.19072770071573,4.1907277007157235,82.14115996387191,4,2,1,1,0,0,0,0,0,0,0.0,0.0
10082,2024-01-17,3,0,0,PUNE,PUNE Station,1266,1270.7124432964943,4.712443296494234,81.15690059526959,7,2,21,21,0,0,0,0,0,0,0.0,0.0
10082,2024-01-17,4,0,0,MAS,MAS Station,57,59.908217343331465,2.9082173433314678,126.26815397030846,3,2,0,0,0,0,0,0,0,0,0.0,0.0
10082,2024-01-17,5,0,0,JP,JP Station,867,870.1667747150359,3.1667747150358667,97.54929438107972,5,2,14,14,0,0,0,0,0,0,0.0,0.0
10082,2024-01-17,6,0,0,BPL,BPL Station,1417,1418.0863057670501,1.0863057670500538,53.90973641425919,2,2,23,23,0,0,0,0,0,0,0.0,0.0
10082,2024-01-17,7,0,0,AK,AK Station,955,957.7601259657469,2.7601259657468393,108.73008233460976,1,2,15,15,0,0,0,0,0,0,7.0,7.0
10082,2024-01-17,8,0,0,AMI,AMI Station,240,240.49926549423395,0.4992654942339665,88.67890002205046,8,2,4,4,7,7,7,7,7,0,0.0,-7.0
10082,2024-01-17,9,0,0,BSL,BSL Station,1039,1043.4591615949375,4.459161594937525,92.35717304495095,5,2,17,17,0,0,0,0,0,0,0.0,0.0
10083,2024-01-18,1,1,0,NGP,NGP Station,714,715.8394122307357,1.8394122307356064,0.0,5,3,11,11,17,0,0,17,17,17,16.0,-1.0
10083,2024-01-18,2,0,0,MUMBAI,MUMBAI Station,648,651.0682372144961,3.068237214496128,101.16672846423411,1,3,10,10,16,16,16,16,16,16,8.0,-8.0
10083,2024-01-18,3,0,0,PUNE,PUNE Station,616,619.5243281524376,3.524328152437592,98.37153365320165,6,3,10,10,8,8,8,8,8,13,3.0,-5.0
10083,2024-01-18,4,0,0,JP,JP Station,158,159.23596980162085,1.2359698016208593,83.29200159242343,6,3,2,2,3,3,3,3,3,10,0.0,-3.0
10084,2024-01-19,1,1,0,MUMBAI,MUMBAI Station,659,662.5331478861406,3.533147886140624,0.0,3,4,10,10,15,0,0,15,15,15,5.0,-10.0
10084,2024-01-19,2,0,0,BPL,BPL Station,71,72.64935616180327,1.6493561618032657,101.84203922086286,1,4,1,1,5,5,5,5,5,10,3.0,-2.0
10084,2024-01-19,3,0,0,AK,AK Station,839,841.4950300934521,2.4950300934520713,114.3455017978113,2,4,13,13,3,3,3,3,3,7,1.0,-2.0
10084,2024-01-19,4,0,0,BSL,BSL Station,1048,1050.5366070334753,2.5366070334753927,58.31432214746714,2,4,17,17,1,1,1,1,1,5,2.0,1.0
10084,2024-01-19,5,0,0,AMI,AMI Station,1198,1199.6683457326922,1.668345732692189,77.0229563318022,3,4,19,19,2,2,2,2,2,4,0.0,-2.0
10084,2024-01-19,6,0,0,HDP,HDP Station,553,557.1392723312291,4.1392723312291615,84.16482735482926,4,4,9,9,0,0,0,0,0,3,0.0,0.0
10084,2024-01-19,7,0,0,MAS,MAS Station,1339,1340.8568570725815,1.8568570725815228,82.85785615502162,8,4,22,22,0,0,0,0,0,2,1.0,1.0
10084,2024-01-19,8,0,0,NGP,NGP Station,1436,1439.1276830859467,3.1276830859467224,121.89906902810641,2,4,23,23,1,1,1,1,1,1,5.0,4.0
10084,2024-01-19,9,0,0,JP,JP Station,846,849.0688071673269,3.0688071673268476,113.18762086601043,7,4,14,14,5,5,5,5,5,1,1.0,-4.0
10085,2024-01-15,1,1,0,BPL,BPL Station,676,680.807643480175,4.807643480175043,0.0,7,0,11,11,9,0,0,9,9,9,9.0,0.0
10085,2024-01-15,2,0,0,BSL,BSL Station,938,940.4727322971511,2.4727322971510795,70.14888772472241,3,0,15,15,9,9,9,9,9,9,5.0,-4.0
10085,2024-01-15,3,0,0,PUNE,PUNE Station,548,550.1220997986657,2.1220997986656904,65.19291495698056,8,0,9,9,5,5,5,5,5,7,0.0,-5.0
10085,2024-01-15,4,0,0,AK,AK Station,1316,1320.5316523593592,4.531652359359162,111.67470596108026,3,0,21,21,0,0,0,0,0,5,0.0,0.0
10085,2024-01-15,5,0,0,MAS,MAS Station,444,447.74205848066254,3.7420584806625485,97.66870062807288,6,0,7,7,0,0,0,0,0,4,0.0,0.0
10085,2024-01-15,6,0,0,MUMBAI,MUMBAI Station,1321,1323.7465521900062,2.7465521900062337,89.60252729263377,4,0,22,22,0,0,0,0,0,3,8.0,8.0
10085,2024-01-15,7,0,0,JP,JP Station,625,626.3526416847305,1.3526416847304956,86.62213353224159,3,0,10,10,8,8,8,8,8,3,12.0,4.0
10085,2024-01-15,8,0,0,AMI,AMI Station,818,820.3973074595875,2.3973074595875494,111.67841933071216,8,0,13,13,12,12,12,12,12,4,11.0,-1.0
10085,2024-01-15,9,0,0,HDP,HDP Station,1239,1244.7210137716124,5.721013771612475,53.985993644463306,3,0,20,20,11,11,11,11,11,4,11.0,0.0
10086,2024-01-16,1,1,0,AK,AK Station,1146,1148.3884835826382,2.38848358263827,0.0,6,1,19,19,0,0,0,0,0,0,0.0,0.0
10086,2024-01-16,2,0,0,NGP,NGP Station,26,26.7584805387479,0.7584805387479001,108.26184061059558,6,1,0,0,0,0,0,0,0,0,4.0,4.0
10086,2024-01-16,3,0,0,JP,JP Station,216,218.89392528632987,2.8939252863298757,74.39574155267196,2,1,3,3,4,4,4,4,4,1,0.0,-4.0
10086,2024-01-16,4,0,0,MAS,MAS Station,257,258.9912716059905,1.9912716059904958,94.46541671840522,3,1,4,4,0,0,0,0,0,0,2.0,2.0
10086,2024-01-16,5,0,0,HDP,HDP Station,463,466.20300752183846,3.2030075218384364,79.99227819759132,6,1,7,7,2,2,2,2,2,0,2.0,0.0
10086,2024-01-16,6,0,0,BPL,BPL Station,687,693.0948705065279,6.094870506527862,95.98110149642086,5,1,11,11,2,2,2,2,2,0,0.0,-2.0
10087,2024-01-17,1,1,0,MAS,MAS Station,510,514.0735895085852,4.073589508585216,0.0,6,2,8,8,5,0,0,5,5,5,7.0,2.0
10087,2024-01-17,2,0,0,JP,JP Station,770,770.9396654121018,0.9396654121018067,41.74014623848234,8,2,12,12,7,7,7,7,7,6,10.0,3.0
10087,2024-01-17,3,0,0,NGP,NGP Station,1058,1062.41418277121,4.414182771210113,116.60763371316122,3,2,17,17,10,10,10,10,10,7,9.0,-1.0
10087,2024-01-17,4,0,0,PUNE,PUNE Station,1118,1122.1393942863285,4.139394286328605,106.16221123512126,4,2,18,18,9,9,9,9,9,7,3.0,-6.0
10088,2024-01-18,1,1,0,BSL,BSL Station,902,902.0,0.0,0.0,5,3,15,15,2,0,0,2,2,2,0.0,-2.0
10088,2024-01-18,2,0,0,MAS,MAS Station,325,326.5130644275395,1.5130644275395184,108.41196485423632,8,3,5,5,0,0,0,0,0,1,0.0,0.0
10088,2024-01-18,3,0,0,NGP,NGP Station,1116,1119.4473004171473,3.4473004171473614,98.5826572304459,8,3,18,18,0,0,0,0,0,0,0.0,0.0
10088,2024-01-18,4,0,0,PUNE,PUNE Station,920,923.5853311764777,3.5853311764777187,102.17169290700356,6,3,15,15,0,0,0,0,0,0,5.0,5.0
10088,2024-01-18,5,0,0,AK,AK Station,1146,1149.7502145496708,3.750214549670826,85.74997270617669,9,3,19,19,5,5,5,5,5,1,0.0,-5.0
10088,2024-01-18,6,0,0,AMI,AMI Station,1034,1038.662532625269,4.66253262526896,106.09541043787533,6,3,17,17,0,0,0,0,0,0,1.0,1.0
10088,2024-01-18,7,0,0,JP,JP Station,6,8.271698942040754,2.2716989420407536,112.99344037757494,6,3,0,0,1,1,1,1,1,0,0.0,-1.0
10088,2024-01-18,8,0,0,BPL,BPL Station,630,632.1923078090662,2.192307809066187,109.85859538591056,9,3,10,10,0,0,0,0,0,0,5.0,5.0
10088,2024-01-18,9,0,0,MUMBAI,MUMBAI Station,1107,1109.3947904100105,2.3947904100104926,109.62242376025029,7,3,18,18,5,5,5,5,5,0,4.0,-1.0
10089,2024-01-19,1,1,0,JP,JP Station,657,660.5810572209494,3.581057220949485,0.0,2,4,10,10,10,0,0,10,10,10,9.0,-1.0
10089,2024-01-19,2,0,0,PUNE,PUNE Station,1099,1102.674850344114,3.6748503441140894,62.11009862281477,1,4,18,18,9,9,9,9,9,9,4.0,-5.0
10089,2024-01-19,3,0,0,HDP,HDP Station,569,572.9464617347467,3.946461734746647,77.33006621590954,7,4,9,9,4,4,4,4,4,7,1.0,-3.0
10089,2024-01-19,4,0,0,MUMBAI,MUMBAI Station,492,492.607866062755,0.6078660627550017,80.78335320406474,3,4,8,8,1,1,1,1,1,5,2.0,1.0
10089,2024-01-19,5,0,0,BSL,BSL Station,735,738.9973935298588,3.9973935298587415,74.70056493242807,3,4,12,12,2,2,2,2,2,4,6.0,4.0
10089,2024-01-19,6,0,0,NGP,NGP Station,300,301.67555190232986,1.6755519023298362,73.89656496514247,5,4,5,5,6,6,6,6,6,4,5.0,-1.0
10090,2024-01-15,1,1,0,AMI,AMI Station,1099,1101.7188445370336,2.718844537033708,0.0,2,0,18,18,0,0,0,0,0,0,0.0,0.0
10090,2024-01-15,2,0,0,BPL,BPL Station,1260,1263.8769595474037,3.8769595474036787,74.5150777288595,6,0,21,21,0,0,0,0,0,0,1.0,1.0
10090,2024-01-15,3,0,0,NGP,NGP Station,564,570.5977479100399,6.597747910039844,143.48207784972035,5,0,9,9,1,1,1,1,1,0,0.0,-1.0
10090,2024-01-15,4,0,0,HDP,HDP Station,36,37.65325490036155,1.653254900361556,116.93286862868963,6,0,0,0,0,0,0,0,0,0,2.0,2.0
10090,2024-01-15,5,0,0,JP,JP Station,163,163.9181971743163,0.9181971743162971,105.27720703266846,6,0,2,2,2,2,2,2,2,0,0.0,-2.0
10090,2024-01-15,6,0,0,AK,AK Station,668,668.0,0.0,53.00591708656079,2,0,11,11,0,0,0,0,0,0,2.0,2.0
10091,2024-01-16,1,1,0,HDP,HDP Station,151,153.41386238040323,2.4138623804032195,0.0,1,1,2,2,1,0,0,1,1,1,0.0,-1.0
10091,2024-01-16,2,0,0,BSL,BSL Station,1208,1214.439816508549,6.4398165085489865,81.03932281132579,6,1,20,20,0,0,0,0,0,0,4.0,4.0
10091,2024-01-16,3,0,0,PUNE,PUNE Station,74,79.17478027966003,5.174780279660024,61.47755262477648,9,1,1,1,4,4,4,4,4,1,0.0,-4.0
10091,2024-01-16,4,0,0,NGP,NGP Station,657,660.2369364041714,3.236936404171431,86.94231761478123,1,1,10,10,0,0,0,0,0,0,0.0,0.0
10092,2024-01-17,1,1,0,JP,JP Station,1028,1030.7297396651975,2.72973966519738,0.0,2,2,17,17,5,0,0,5,5,5,6.0,1.0
10092,2024-01-17,2,0,0,HDP,HDP Station,410,413.15634190869264,3.156341908692611,78.67210817570553,6,2,6,6,6,6,6,6,6,5,8.0,2.0
10092,2024-01-17,3,0,0,BSL,BSL Station,403,404.9744533221189,1.9744533221189198,105.28596161877014,5,2,6,6,8,8,8,8,8,6,13.0,5.0
10092,2024-01-17,4,0,0,MAS,MAS Station,744,748.3783722819875,4.3783722819874935,90.00443032794,6,2,12,12,13,13,13,13,13,7,9.0,-4.0
10092,2024-01-17,5,0,0,AK,AK Station,852,855.1469448967142,3.14694489671419,83.23923918180108,8,2,14,14,9,9,9,9,9,7,0.0,-9.0
10092,2024-01-17,6,0,0,BPL,BPL Station,1391,1395.9652878621214,4.965287862121345,124.59770797366889,7,2,23,23,0,0,0,0,0,5,0.0,0.0
10092,2024-01-17,7,0,0,MUMBAI,MUMBAI Station,1040,1042.5475967995355,2.547596799535431,91.62285037910821,6,2,17,17,0,0,0,0,0,4,0.0,0.0
10092,2024-01-17,8,0,0,AMI,AMI Station,329,331.01693372589847,2.0169337258984728,64.93084773549751,9,2,5,5,0,0,0,0,0,3,0.0,0.0
10093,2024-01-18,1,1,0,JP,JP Station,646,649.7785541170745,3.7785541170744397,0.0,7,3,10,10,0,0,0,0,0,0,0.0,0.0
10093,2024-01-18,2,0,0,AMI,AMI Station,184,186.3701454956986,2.3701454956986145,75.1936485850499,1,3,3,3,0,0,0,0,0,0,0.0,0.0
10093,2024-01-18,3,0,0,HDP,HDP Station,674,677.5795739807721,3.5795739807720914,106.75528443093178,7,3,11,11,0,0,0,0,0,0,9.0,9.0
10093,2024-01-18,4,0,0,BSL,BSL Station,555,558.1953999283036,3.1953999283035364,91.39078217786216,1,3,9,9,9,9,9,9,9,2,6.0,-3.0
10093,2024-01-18,5,0,0,PUNE,PUNE Station,228,232.1913850172431,4.191385017243105,119.33648832809537,1,3,3,3,6,6,6,6,6,2,7.0,1.0
10093,2024-01-18,6,0,0,BPL,BPL Station,1073,1075.7408947622496,2.7408947622494937,90.91127762283797,3,3,17,17,7,7,7,7,7,2,11.0,4.0
10093,2024-01-18,7,0,0,AK,AK Station,982,983.245160461562,1.2451604615620684,87.09724761623379,9,3,16,16,11,11,11,11,11,3,1.0,-10.0
10093,2024-01-18,8,0,0,MAS,MAS Station,1088,1090.5751729415822,2.575172941582151,83.53041156246745,2,3,18,18,1,1,1,1,1,2,7.0,6.0
10093,2024-01-18,9,0,0,MUMBAI,MUMBAI Station,694,695.7157452390073,1.7157452390073749,90.71132148065988,8,3,11,11,7,7,7,7,7,2,2.0,-5.0
10094,2024-01-19,1,1,0,JP,JP Station,1420,1421.2388888025866,1.2388888025865379,0.0,8,4,23,23,0,0,0,0,0,0,0.0,0.0
10094,2024-01-19,2,0,0,MUMBAI,MUMBAI Station,921,925.3463153554557,4.346315355455692,112.60439543674963,3,4,15,15,0,0,0,0,0,0,0.0,0.0
10094,2024-01-19,3,0,0,BSL,BSL Station,1411,1414.9706475899586,3.970647589958711,64.57177635651848,7,4,23,23,0,0,0,0,0,0,1.0,1.0
10094,2024-01-19,4,0,0,AMI,AMI Station,1430,1433.4393388537321,3.439338853732073,88.8770973602959,9,4,23,23,1,1,1,1,1,0,2.0,1.0
10094,2024-01-19,5,0,0,HDP,HDP Station,248,249.67150660751565,1.671506607515653,70.75602101356671,1,4,4,4,2,2,2,2,2,0,6.0,4.0
10094,2024-01-19,6,0,0,NGP,NGP Station,1378,1383.1104021188376,5.1104021188376265,80.31763010830365,4,4,22,22,6,6,6,6,6,1,0.0,-6.0
10094,2024-01-19,7,0,0,PUNE,PUNE Station,531,535.6534340623937,4.653434062393728,102.08241011969483,2,4,8,8,0,0,0,0,0,0,0.0,0.0
10094,2024-01-19,8,0,0,AK,AK Station,862,864.3051412946162,2.305141294616197,105.3849127911995,5,4,14,14,0,0,0,0,0,0,0.0,0.0
10094,2024-01-19,9,0,0,BPL,BPL Station,1178,1179.2335834882824,1.2335834882823407,104.45653789971024,7,4,19,19,0,0,0,0,0,0,7.0,7.0
10095,2024-01-15,1,1,0,MUMBAI,MUMBAI Station,827,830.0290161062177,3.0290161062176315,0.0,9,0,13,13,6,0,0,6,6,6,7.0,1.0
10095,2024-01-15,2,0,0,BPL,BPL Station,64,65.986623418878,1.986623418877998,58.58375933721686,9,0,1,1,7,7,7,7,7,6,5.0,-2.0
10095,2024-01-15,3,0,0,AK,AK Station,1019,1022.0024285470354,3.0024285470354117,98.29545781577582,8,0,16,16,5,5,5,5,5,5,7.0,2.0
10095,2024-01-15,4,0,0,BSL,BSL Station,239,243.66526091140716,4.665260911407152,78.29050017551863,7,0,3,3,7,7,7,7,7,5,6.0,-1.0
10095,2024-01-15,5,0,0,HDP,HDP Station,563,565.8494423415841,2.849442341584115,73.90430043606695,8,0,9,9,6,6,6,6,6,5,6.0,0.0
10095,2024-01-15,6,0,0,JP,JP Station,391,392.78203877155977,1.7820387715597856,76.69155403741078,5,0,6,6,6,6,6,6,6,5,5.0,-1.0
10095,2024-01-15,7,0,0,NGP,NGP Station,369,372.39176521046176,3.391765210461764,110.46401946695973,7,0,6,6,5,5,5,5,5,5,0.0,-5.0
10095,2024-01-15,8,0,0,PUNE,PUNE Station,412,413.7385279015202,1.738527901520178,90.30365885080866,9,0,6,6,0,0,0,0,0,4,0.0,0.0
10095,2024-01-15,9,0,0,MAS,MAS Station,56,56.937405672621935,0.9374056726219333,63.03604995769413,4,0,0,0,0,0,0,0,0,3,0.0,0.0
10096,2024-01-16,1,1,0,AK,AK Station,183,186.32946774042458,3.329467740424568,0.0,1,1,3,3,2,0,0,2,2,2,6.0,4.0
10096,2024-01-16,2,0,0,MUMBAI,MUMBAI Station,726,729.7292771873429,3.7292771873429085,51.012564893551534,8,1,12,12,6,6,6,6,6,4,0.0,-6.0
10096,2024-01-16,3,0,0,JP,JP Station,575,576.1843974559648,1.1843974559648682,73.33556269094242,6,1,9,9,0,0,0,0,0,2,0.0,0.0
10096,2024-01-16,4,0,0,BPL,BPL Station,264,267.9933752785436,3.993375278543608,71.3938860429111,6,1,4,4,0,0,0,0,0,1,0.0,0.0
10096,2024-01-16,5,0,0,MAS,MAS Station,216,220.73295061728254,4.732950617282539,103.18902482227223,9,1,3,3,0,0,0,0,0,0,0.0,0.0
10096,2024-01-16,6,0,0,BSL,BSL Station,126,130.98062101467576,4.9806210146757515,72.51128703320164,8,1,2,2,0,0,0,0,0,0,0.0,0.0
10096,2024-01-16,7,0,0,NGP,NGP Station,279,280.6228272413482,1.6228272413482214,80.65142572483433,8,1,4,4,0,0,0,0,0,0,0.0,0.0
10096,2024-01-16,8,0,0,HDP,HDP Station,866,870.0203231838542,4.020323183854235,86.02300512964698,2,1,14,14,0,0,0,0,0,0,0.0,0.0
10096,2024-01-16,9,0,0,AMI,AMI Station,787,791.2969557758545,4.296955775854441,107.37545001181542,3,1,13,13,0,0,0,0,0,0,0.0,0.0
10097,2024-01-17,1,1,0,PUNE,PUNE Station,1023,1026.1394688697942,3.1394688697941144,0.0,6,2,17,17,6,0,0,6,6,6,1.0,-5.0
10097,2024-01-17,2,0,0,JP,JP Station,590,593.883677268159,3.8836772681589835,46.435773605371395,8,2,9,9,1,1,1,1,1,3,0.0,-1.0
10097,2024-01-17,3,0,0,BPL,BPL Station,857,860.0708421384472,3.070842138447241,64.43160155285703,6,2,14,14,0,0,0,0,0,2,0.0,0.0
10097,2024-01-17,4,0,0,AMI,AMI Station,613,616.771292879121,3.771292879120952,130.40719070941202,9,2,10,10,0,0,0,0,0,1,0.0,0.0
10097,2024-01-17,5,0,0,NGP,NGP Station,494,497.19603503669657,3.1960350366965735,87.16948493266104,4,2,8,8,0,0,0,0,0,0,0.0,0.0
10097,2024-01-17,6,0,0,MUMBAI,MUMBAI Station,687,687.9741660534855,0.9741660534855252,38.529515126037204,3,2,11,11,0,0,0,0,0,0,0.0,0.0
10097,2024-01-17,7,0,0,MAS,MAS Station,1377,1379.4315373966404,2.43153739664026,52.6166847799813,1,2,22,22,0,0,0,0,0,0,1.0,1.0
10097,2024-01-17,8,0,0,BSL,BSL Station,1033,1037.8856196527215,4.885619652721606,65.10914999830554,2,2,17,17,1,1,1,1,1,0,0.0,-1.0
10097,2024-01-17,9,0,0,HDP,HDP Station,748,750.5271956107548,2.5271956107547817,85.23694129912283,1,2,12,12,0,0,0,0,0,0,4.0,4.0
10098,2024-01-18,1,1,0,JP,JP Station,626,629.2273148126487,3.2273148126487032,0.0,9,3,10,10,0,0,0,0,0,0,1.0,1.0
10098,2024-01-18,2,0,0,NGP,NGP Station,813,814.2405242228019,1.24052422280191,55.30672156934018,7,3,13,13,1,1,1,1,1,0,0.0,-1.0
10098,2024-01-18,3,0,0,PUNE,PUNE Station,1237,1238.7646975440612,1.7646975440612258,116.64152385433547,5,3,20,20,0,0,0,0,0,0,0.0,0.0
10098,2024-01-18,4,0,0,AK,AK Station,1186,1190.5939859361813,4.59398593618129,82.4873266846893,8,3,19,19,0,0,0,0,0,0,7.0,7.0
10098,2024-01-18,5,0,0,BSL,BSL Station,968,969.6514811669235,1.6514811669235483,101.74783399612025,9,3,16,16,7,7,7,7,7,1,0.0,-7.0
10098,2024-01-18,6,0,0,BPL,BPL Station,1224,1225.0641578670807,1.064157867080672,87.13482169271614,8,3,20,20,0,0,0,0,0,0,5.0,5.0
10098,2024-01-18,7,0,0,MAS,MAS Station,1340,1342.8442899782985,2.844289978298494,88.55204751944765,6,3,22,22,5,5,5,5,5,0,7.0,2.0
10098,2024-01-18,8,0,0,AMI,AMI Station,317,320.0047215903595,3.00472159035949,114.59980736877367,6,3,5,5,7,7,7,7,7,0,11.0,4.0
10098,2024-01-18,9,0,0,MUMBAI,MUMBAI Station,1049,1051.5690912618268,2.5690912618268067,113.95585044284756,1,3,17,17,11,11,11,11,11,1,10.0,-1.0
10099,2024-01-19,1,1,0,BSL,BSL Station,93,95.31554545121607,2.315545451216071,0.0,9,4,1,1,2,0,0,2,2,2,0.0,-2.0
10099,2024-01-19,2,0,0,JP,JP Station,494,495.45528222718724,1.4552822271872325,106.01530853479181,9,4,8,8,0,0,0,0,0,1,0.0,0.0
10099,2024-01-19,3,0,0,MUMBAI,MUMBAI Station,165,166.59080513702102,1.590805137021026,112.38489835128192,8,4,2,2,0,0,0,0,0,0,0.0,0.0
10099,2024-01-19,4,0,0,AMI,AMI Station,1313,1316.621949342862,3.621949342862007,83.38303742852355,2,4,21,21,0,0,0,0,0,0,1.0,1.0
10099,2024-01-19,5,0,0,AK,AK Station,196,198.93758603351,2.9375860335100135,110.0261307415445,6,4,3,3,1,1,1,1,1,0,5.0,4.0
10099,2024-01-19,6,0,0,MAS,MAS Station,372,374.7791920819716,2.7791920819716043,127.15857520116498,6,4,6,6,5,5,5,5,5,0,1.0,-4.0
10099,2024-01-19,7,0,0,BPL,BPL Station,252,252.0,0.0,103.66446029577617,8,4,4,4,1,1,1,1,1,0,9.0,8.0
10099,2024-01-19,8,0,0,HDP,HDP Station,69,72.85015758927626,3.8501575892762694,96.25301982414645,7,4,1,1,9,9,9,9,9,1,0.0,-9.0
10099,2024-01-19,9,0,0,PUNE,PUNE Station,1298,1300.6564196650518,2.656419665051826,69.96086286608343,6,4,21,21,0,0,0,0,0,0,2.0,2.0
10100,2024-01-15,1,1,0,JP,JP Station,1078,1082.18098375847,4.180983758469785,0.0,8,0,17,17,6,0,0,6,6,6,0.0,-6.0
10100,2024-01-15,2,0,0,BPL,BPL Station,820,822.6452685266436,2.64526852664359,100.51225708896874,7,0,13,13,0,0,0,0,0,3,0.0,0.0
10100,2024-01-15,3,0,0,HDP,HDP Station,690,692.6845170067443,2.6845170067442177,135.5417299610661,8,0,11,11,0,0,0,0,0,2,1.0,1.0
10100,2024-01-15,4,0,0,MAS,MAS Station,761,762.1457963059543,1.1457963059543064,115.08676721514679,8,0,12,12,1,1,1,1,1,1,1.0,0.0
10100,2024-01-15,5,0,0,MUMBAI,MUMBAI Station,1040,1046.0063431614055,6.006343161405612,102.06906050374195,6,0,17,17,1,1,1,1,1,1,4.0,3.0
10101,2024-01-16,1,1,0,HDP,HDP Station,645,647.2184970914892,2.2184970914891986,0.0,8,1,10,10,13,0,0,13,13,13,15.0,2.0
10101,2024-01-16,2,0,0,BSL,BSL Station,358,360.71998155652983,2.7199815565298326,97.52355102567469,1,1,5,5,15,15,15,15,15,14,7.0,-8.0
10101,2024-01-16,3,0,0,AK,AK Station,415,417.904077260979,2.9040772609790286,82.93691924108839,9,1,6,6,7,7,7,7,7,11,1.0,-6.0
10101,2024-01-16,4,0,0,MUMBAI,MUMBAI Station,1396,1398.0874820590711,2.0874820590710663,82.4415327942972,9,1,23,23,1,1,1,1,1,8,0.0,-1.0
10102,2024-01-17,1,1,0,NGP,NGP Station,1195,1195.5613276028873,0.561327602887224,0.0,9,2,19,19,17,0,0,17,17,17,9.0,-8.0
10102,2024-01-17,2,0,0,BSL,BSL Station,859,862.1280829152024,3.1280829152024374,70.12820968811928,6,2,14,14,9,9,9,9,9,13,5.0,-4.0
10102,2024-01-17,3,0,0,HDP,HDP Station,358,359.3474589211644,1.3474589211643786,101.44903870024552,5,2,5,5,5,5,5,5,5,10,3.0,-2.0
10102,2024-01-17,4,0,0,BPL,BPL Station,1378,1381.7575316324107,3.7575316324106502,114.0918915873678,7,2,22,22,3,3,3,3,3,8,11.0,8.0
10102,2024-01-17,5,0,0,MAS,MAS Station,922,922.9120624285724,0.912062428572403,124.08204156118236,6,2,15,15,11,11,11,11,11,8,3.0,-8.0
10102,2024-01-17,6,0,0,AMI,AMI Station,43,45.81376118879977,2.8137611887997713,63.762519536395246,1,2,0,0,3,3,3,3,3,7,2.0,-1.0
10102,2024-01-17,7,0,0,PUNE,PUNE Station,1231,1234.7249872408793,3.724987240879204,111.22388552553166,9,2,20,20,2,2,2,2,2,6,1.0,-1.0
10102,2024-01-17,8,0,0,JP,JP Station,459,463.2083907524928,4.208390752492764,68.52622682164494,3,2,7,7,1,1,1,1,1,5,6.0,5.0
10102,2024-01-17,9,0,0,MUMBAI,MUMBAI Station,890,893.5977460254584,3.5977460254583438,88.40431309134645,8,2,14,14,6,6,6,6,6,5,7.0,1.0
10103,2024-01-18,1,1,0,NGP,NGP Station,846,848.5894061217499,2.589406121749859,0.0,3,3,14,14,4,0,0,4,4,4,4.0,0.0
10103,2024-01-18,2,0,0,JP,JP Station,215,215.4376307594271,0.43763075942710117,99.23073149222884,3,3,3,3,4,4,4,4,4,4,0.0,-4.0
10103,2024-01-18,3,0,0,BSL,BSL Station,28,31.680378285263828,3.680378285263828,101.65361626030372,2,3,0,0,0,0,0,0,0,2,3.0,3.0
10103,2024-01-18,4,0,0,AMI,AMI Station,1210,1214.1162216834223,4.116221683422179,117.73080269983632,2,3,20,20,3,3,3,3,3,2,3.0,0.0
10103,2024-01-18,5,0,0,MUMBAI,MUMBAI Station,163,166.40937417137903,3.4093741713790333,83.22250109102029,8,3,2,2,3,3,3,3,3,2,3.0,0.0
10103,2024-01-18,6,0,0,PUNE,PUNE Station,100,104.19708981002852,4.197089810028514,66.46656341859874,7,3,1,1,3,3,3,3,3,2,0.0,-3.0
10103,2024-01-18,7,0,0,HDP,HDP Station,156,159.12605881357482,3.1260588135748018,94.8678761181539,9,3,2,2,0,0,0,0,0,1,0.0,0.0
10103,2024-01-18,8,0,0,MAS,MAS Station,770,774.1981529922103,4.198152992210327,72.99398367928931,1,3,12,12,0,0,0,0,0,0,0.0,0.0
10103,2024-01-18,9,0,0,AK,AK Station,497,499.77672872725685,2.7767287272568293,102.57537158181424,1,3,8,8,0,0,0,0,0,0,1.0,1.0
10104,2024-01-19,1,1,0,AMI,AMI Station,285,286.79157938588406,1.7915793858840598,0.0,8,4,4,4,0,0,0,0,0,0,1.0,1.0
10104,2024-01-19,2,0,0,NGP,NGP Station,362,362.90846649999617,0.9084664999961505,82.62121121937075,2,4,6,6,1,1,1,1,1,0,0.0,-1.0
10104,2024-01-19,3,0,0,AK,AK Station,86,87.53200575011574,1.5320057501157485,110.12515546005783,9,4,1,1,0,0,0,0,0,0,0.0,0.0
10104,2024-01-19,4,0,0,JP,JP Station,1169,1169.7163779585999,0.7163779585998902,105.74277108006947,1,4,19,19,0,0,0,0,0,0,0.0,0.0
10104,2024-01-19,5,0,0,PUNE,PUNE Station,596,596.0,0.0,131.24425048076512,6,4,9,9,0,0,0,0,0,0,0.0,0.0
10104,2024-01-19,6,0,0,BPL,BPL Station,597,600.8791185515106,3.8791185515105453,78.08958419328042,1,4,9,9,0,0,0,0,0,0,0.0,0.0
10104,2024-01-19,7,0,0,HDP,HDP Station,1360,1362.2291490600267,2.229149060026735,66.02097204012247,8,4,22,22,0,0,0,0,0,0,0.0,0.0
10104,2024-01-19,8,0,0,MUMBAI,MUMBAI Station,34,35.606811877821315,1.6068118778213119,116.4150025565232,4,4,0,0,0,0,0,0,0,0,1.0,1.0
10104,2024-01-19,9,0,0,MAS,MAS Station,130,134.8808003332356,4.880800333235622,74.0912410472607,7,4,2,2,1,1,1,1,1,0,6.0,5.0
10105,2024-01-15,1,1,0,BPL,BPL Station,1034,1038.3476280074408,4.347628007440726,0.0,6,0,17,17,0,0,0,0,0,0,3.0,3.0
10105,2024-01-15,2,0,0,PUNE,PUNE Station,1436,1438.3986272096838,2.3986272096838097,106.31530329979987,8,0,23,23,3,3,3,3,3,1,0.0,-3.0
10105,2024-01-15,3,0,0,MAS,MAS Station,97,103.8365963789035,6.836596378903491,92.4780776006003,1,0,1,1,0,0,0,0,0,0,6.0,6.0
10105,2024-01-15,4,0,0,AK,AK Station,798,802.8788110965438,4.878811096543846,74.41961156960029,7,0,13,13,6,6,6,6,6,1,8.0,2.0
10105,2024-01-15,5,0,0,JP,JP Station,923,925.2995865863693,2.2995865863692697,77.8986642377052,8,0,15,15,8,8,8,8,8,2,15.0,7.0
10105,2024-01-15,6,0,0,NGP,NGP Station,432,435.77773926894616,3.7777392689461857,138.12447845706478,6,0,7,7,15,15,15,15,15,4,13.0,-2.0
10105,2024-01-15,7,0,0,BSL,BSL Station,1150,1153.5627535210876,3.5627535210877035,81.80397512412934,5,0,19,19,13,13,13,13,13,5,2.0,-11.0
10105,2024-01-15,8,0,0,AMI,AMI Station,1118,1122.562170825325,4.5621708253250315,66.77762287686328,3,0,18,18,2,2,2,2,2,4,7.0,5.0
10106,2024-01-16,1,1,0,BSL,BSL Station,780,783.1193603024133,3.1193603024132486,0.0,4,1,13,13,11,0,0,11,11,11,7.0,-4.0
10106,2024-01-16,2,0,0,AK,AK Station,1119,1121.964197393993,2.964197393992907,47.395328084261635,6,1,18,18,7,7,7,7,7,9,0.0,-7.0
10106,2024-01-16,3,0,0,MAS,MAS Station,1386,1387.797639092882,1.797639092881982,138.50783178834163,3,1,23,23,0,0,0,0,0,6,0.0,0.0
10106,2024-01-16,4,0,0,JP,JP Station,833,838.8609467546398,5.86094675463983,61.27816974929887,6,1,13,13,0,0,0,0,0,4,2.0,2.0
10106,2024-01-16,5,0,0,NGP,NGP Station,402,407.0572121732114,5.057212173211384,86.12589240390076,4,1,6,6,2,2,2,2,2,3,6.0,4.0
10106,2024-01-16,6,0,0,BPL,BPL Station,1164,1165.3161210915746,1.3161210915746349,86.3481624443791,3,1,19,19,6,6,6,6,6,3,8.0,2.0
10107,2024-01-17,1,1,0,HDP,HDP Station,908,909.491719978227,1.4917199782270543,0.0,3,2,15,15,0,0,0,0,0,0,0.0,0.0
10107,2024-01-17,2,0,0,MUMBAI,MUMBAI Station,665,671.3360671680324,6.33606716803245,122.75305016798242,4,2,11,11,0,0,0,0,0,0,4.0,4.0
10107,2024-01-17,3,0,0,AK,AK Station,1040,1044.156203329982,4.156203329981957,96.7307676374196,6,2,17,17,4,4,4,4,4,1,5.0,1.0
10107,2024-01-17,4,0,0,NGP,NGP Station,879,883.1997094392302,4.199709439230235,56.01162109804635,7,2,14,14,5,5,5,5,5,2,5.0,0.0
10107,2024-01-17,5,0,0,BSL,BSL Station,599,599.0,0.0,102.27541711579818,9,2,9,9,5,5,5,5,5,2,3.0,-2.0
10107,2024-01-17,6,0,0,BPL,BPL Station,1307,1307.0026390774333,0.0026390774331921385,118.63848347881503,6,2,21,21,3,3,3,3,3,2,0.0,-3.0
10107,2024-01-17,7,0,0,PUNE,PUNE Station,528,530.0003499421339,2.000349942133864,82.60341822910975,2,2,8,8,0,0,0,0,0,1,0.0,0.0
10107,2024-01-17,8,0,0,JP,JP Station,1347,1349.71463873338,2.7146387333801765,60.05106662788503,1,2,22,22,0,0,0,0,0,0,0.0,0.0
10107,2024-01-17,9,0,0,AMI,AMI Station,1009,1010.7779227281488,1.7779227281488028,68.07559350262869,4,2,16,16,0,0,0,0,0,0,0.0,0.0
10108,2024-01-18,1,1,0,MAS,MAS Station,318,321.8082253922717,3.8082253922716847,0.0,6,3,5,5,0,0,0,0,0,0,0.0,0.0
10108,2024-01-18,2,0,0,NGP,NGP Station,1039,1042.5656353306401,3.56563533064017,63.385897373381475,6,3,17,17,0,0,0,0,0,0,0.0,0.0
10108,2024-01-18,3,0,0,BSL,BSL Station,1066,1070.638154441529,4.638154441529,60.470727167563965,9,3,17,17,0,0,0,0,0,0,1.0,1.0
10108,2024-01-18,4,0,0,BPL,BPL Station,444,447.2951134856486,3.2951134856485593,52.14475644819896,9,3,7,7,1,1,1,1,1,0,0.0,-1.0
10108,2024-01-18,5,0,0,AMI,AMI Station,1148,1151.0059624347757,3.005962434775774,101.84955968241432,5,3,19,19,0,0,0,0,0,0,0.0,0.0
10108,2024-01-18,6,0,0,JP,JP Station,1261,1262.5545365472603,1.5545365472604487,88.79758572275207,5,3,21,21,0,0,0,0,0,0,0.0,0.0
10108,2024-01-18,7,0,0,MUMBAI,MUMBAI Station,489,491.42632140349605,2.4263214034960647,50.48073400216761,6,3,8,8,0,0,0,0,0,0,0.0,0.0
10108,2024-01-18,8,0,0,AK,AK Station,1240,1244.8435754595214,4.843575459521423,86.58506721003386,6,3,20,20,0,0,0,0,0,0,0.0,0.0
10108,2024-01-18,9,0,0,PUNE,PUNE Station,1181,1184.2059883637828,3.2059883637828435,118.17843120543446,9,3,19,19,0,0,0,0,0,0,0.0,0.0
10109,2024-01-19,1,1,0,AMI,AMI Station,787,790.5474432709784,3.547443270978395,0.0,6,4,13,13,21,0,0,21,21,21,7.0,-14.0
10109,2024-01-19,2,0,0,MUMBAI,MUMBAI Station,149,152.47994778671773,3.4799477867177444,61.86113198973661,4,4,2,2,7,7,7,7,7,14,6.0,-1.0
10109,2024-01-19,3,0,0,MAS,MAS Station,372,377.3205751783581,5.320575178358105,103.79158428730886,7,4,6,6,6,6,6,6,6,11,0.0,-6.0
10109,2024-01-19,4,0,0,PUNE,PUNE Station,623,625.9451150384856,2.945115038485603,103.19299996164742,5,4,10,10,0,0,0,0,0,8,0.0,0.0
10109,2024-01-19,5,0,0,BSL,BSL Station,1112,1116.5857051532014,4.585705153201394,86.76380392300078,1,4,18,18,0,0,0,0,0,6,4.0,4.0
10109,2024-01-19,6,0,0,BPL,BPL Station,552,553.9987274619823,1.9987274619823163,105.09081560029806,8,4,9,9,4,4,4,4,4,5,0.0,-4.0
10110,2024-01-15,1,1,0,NGP,NGP Station,1251,1254.2060592581972,3.2060592581973357,0.0,8,0,20,20,0,0,0,0,0,0,1.0,1.0
10110,2024-01-15,2,0,0,JP,JP Station,533,534.744137159592,1.7441371595919664,79.55189766155257,9,0,8,8,1,1,1,1,1,0,7.0,6.0
10110,2024-01-15,3,0,0,MAS,MAS Station,919,920.7597031658953,1.759703165895257,72.36621048776264,9,0,15,15,7,7,7,7,7,2,1.0,-6.0
10110,2024-01-15,4,0,0,AK,AK Station,604,605.4231699553262,1.4231699553262458,39.36461367498373,6,0,10,10,1,1,1,1,1,1,4.0,3.0
10111,2024-01-16,1,1,0,MUMBAI,MUMBAI Station,655,658.9211694507972,3.92116945079716,0.0,5,1,10,10,0,0,0,0,0,0,0.0,0.0
10111,2024-01-16,2,0,0,AK,AK Station,131,132.28194554006132,1.2819455400613233,106.03521128709953,9,1,2,2,0,0,0,0,0,0,2.0,2.0
10111,2024-01-16,3,0,0,BPL,BPL Station,778,780.0825493949582,2.0825493949581615,82.33570326082769,3,1,12,12,2,2,2,2,2,0,0.0,-2.0
10111,2024-01-16,4,0,0,HDP,HDP Station,37,38.69533295079245,1.6953329507924468,111.94416091128465,3,1,0,0,0,0,0,0,0,0,0.0,0.0
10111,2024-01-16,5,0,0,AMI,AMI Station,1243,1249.7513507469014,6.751350746901422,89.42896030928635,4,1,20,20,0,0,0,0,0,0,3.0,3.0
10111,2024-01-16,6,0,0,JP,JP Station,729,733.1372674625269,4.137267462526896,63.2001786085023,2,1,12,12,3,3,3,3,3,0,0.0,-3.0
10112,2024-01-17,1,1,0,MUMBAI,MUMBAI Station,809,812.3148733009753,3.3148733009752362,0.0,1,2,13,13,2,0,0,2,2,2,0.0,-2.0
10112,2024-01-17,2,0,0,AMI,AMI Station,237,239.5046653100157,2.504665310015702,89.45670265746789,8,2,3,3,0,0,0,0,0,1,4.0,4.0
10112,2024-01-17,3,0,0,BPL,BPL Station,1286,1286.6171864574117,0.6171864574116745,90.82458501889808,8,2,21,21,4,4,4,4,4,2,0.0,-4.0
10112,2024-01-17,4,0,0,JP,JP Station,1033,1036.010446335163,3.0104463351629063,73.94383930102485,1,2,17,17,0,0,0,0,0,1,0.0,0.0
10112,2024-01-17,5,0,0,HDP,HDP Station,951,954.037936049002,3.037936049002014,77.11319465956032,3,2,15,15,0,0,0,0,0,0,8.0,8.0
10112,2024-01-17,6,0,0,BSL,BSL Station,70,70.71960087865803,0.7196008786580226,108.9616877487218,9,2,1,1,8,8,8,8,8,1,4.0,-4.0
10112,2024-01-17,7,0,0,AK,AK Station,1216,1218.8280302297333,2.8280302297332782,88.44486134110267,5,2,20,20,4,4,4,4,4,1,0.0,-4.0
10112,2024-01-17,8,0,0,NGP,NGP Station,466,469.61415779596337,3.6141577959633784,84.46656456561709,8,2,7,7,0,0,0,0,0,0,10.0,10.0
10113,2024-01-18,1,1,0,AMI,AMI Station,886,889.2756990594902,3.2756990594901447,0.0,7,3,14,14,1,0,0,1,1,1,0.0,-1.0
10113,2024-01-18,2,0,0,MAS,MAS Station,99,103.55790910381323,4.557909103813225,91.86316675399485,1,3,1,1,0,0,0,0,0,0,0.0,0.0
10113,2024-01-18,3,0,0,PUNE,PUNE Station,1037,1038.2242360384225,1.2242360384224962,83.59229881126411,6,3,17,17,0,0,0,0,0,0,0.0,0.0
10113,2024-01-18,4,0,0,BPL,BPL Station,931,935.291810584099,4.291810584099048,104.83775500761628,3,3,15,15,0,0,0,0,0,0,4.0,4.0
10113,2024-01-18,5,0,0,HDP,HDP Station,1136,1140.2972366577364,4.2972366577365175,109.06795066475959,6,3,18,18,4,4,4,4,4,0,6.0,2.0
10113,2024-01-18,6,0,0,JP,JP Station,92,96.57038410948383,4.570384109483827,63.925507379498676,5,3,1,1,6,6,6,6,6,1,9.0,3.0
10114,2024-01-19,1,1,0,MAS,MAS Station,1025,1026.775396477547,1.775396477547122,0.0,3,4,17,17,12,0,0,12,12,12,0.0,-12.0
10114,2024-01-19,2,0,0,BSL,BSL Station,1160,1162.413615410713,2.4136154107128895,94.84266311348053,8,4,19,19,0,0,0,0,0,6,0.0,0.0
10114,2024-01-19,3,0,0,AMI,AMI Station,1363,1364.5648460024431,1.564846002443148,81.91801302258833,4,4,22,22,0,0,0,0,0,4,3.0,3.0
10114,2024-01-19,4,0,0,JP,JP Station,1142,1142.4046059042735,0.4046059042734824,116.67771491001146,1,4,19,19,3,3,3,3,3,3,4.0,1.0
10115,2024-01-15,1,1,0,BSL,BSL Station,149,149.0,0.0,0.0,3,0,2,2,1,0,0,1,1,1,0.0,-1.0
10115,2024-01-15,2,0,0,PUNE,PUNE Station,531,533.6833969951722,2.6833969951722088,118.47508150614559,9,0,8,8,0,0,0,0,0,0,0.0,0.0
10115,2024-01-15,3,0,0,BPL,BPL Station,56,59.28921175759548,3.289211757595484,98.84656621997985,6,0,0,0,0,0,0,0,0,0,0.0,0.0
10115,2024-01-15,4,0,0,AK,AK Station,1088,1094.3373295714946,6.337329571494683,119.71177216015562,8,0,18,18,0,0,0,0,0,0,2.0,2.0
10115,2024-01-15,5,0,0,MAS,MAS Station,1149,1151.6742617892946,2.674261789294715,49.611877424183966,9,0,19,19,2,2,2,2,2,0,1.0,-1.0
10115,2024-01-15,6,0,0,HDP,HDP Station,493,494.8398162339499,1.8398162339498547,127.97469962710477,8,0,8,8,1,1,1,1,1,0,0.0,-1.0
10115,2024-01-15,7,0,0,NGP,NGP Station,1166,1168.5401084577652,2.5401084577653004,145.25050481579171,1,0,19,19,0,0,0,0,0,0,0.0,0.0
10115,2024-01-15,8,0,0,MUMBAI,MUMBAI Station,1136,1138.6734715107484,2.673471510748307,97.68557669971902,6,0,18,18,0,0,0,0,0,0,5.0,5.0
10116,2024-01-16,1,1,0,PUNE,PUNE Station,1384,1387.3141020429969,3.3141020429968853,0.0,5,1,23,23,0,0,0,0,0,0,6.0,6.0
10116,2024-01-16,2,0,0,MAS,MAS Station,1152,1155.8690201396353,3.869020139635164,118.24053757086499,6,1,19,19,6,6,6,6,6,3,5.0,-1.0
10116,2024-01-16,3,0,0,BPL,BPL Station,648,651.1654820446676,3.1654820446675322,50.52688981206773,8,1,10,10,5,5,5,5,5,3,0.0,-5.0
10116,2024-01-16,4,0,0,MUMBAI,MUMBAI Station,1200,1201.1328496887463,1.132849688746226,89.47032743422342,3,1,20,20,0,0,0,0,0,2,0.0,0.0
10116,2024-01-16,5,0,0,NGP,NGP Station,908,910.6860250750677,2.68602507506775,86.08429458062837,4,1,15,15,0,0,0,0,0,1,0.0,0.0
10116,2024-01-16,6,0,0,AK,AK Station,491,493.81585731989315,2.815857319893168,85.68103507731647,9,1,8,8,0,0,0,0,0,0,4.0,4.0
10116,2024-01-16,7,0,0,HDP,HDP Station,1154,1156.5401494326816,2.5401494326815026,74.87818142365376,4,1,19,19,4,4,4,4,4,0,5.0,1.0
10116,2024-01-16,8,0,0,BSL,BSL Station,75,76.90519562030612,1.9051956203061113,129.48793488960058,8,1,1,1,5,5,5,5,5,0,0.0,-5.0
10116,2024-01-16,9,0,0,JP,JP Station,1034,1034.935077358888,0.9350773588881549,103.95173940678399,9,1,17,17,0,0,0,0,0,0,14.0,14.0
10117,2024-01-17,1,1,0,MUMBAI,MUMBAI Station,108,108.0,0.0,0.0,3,2,1,1,29,0,0,29,29,29,22.0,-7.0
10117,2024-01-17,2,0,0,PUNE,PUNE Station,1436,1438.612737292953,2.6127372929528483,97.57667265378957,1,2,23,23,22,22,22,22,22,25,6.0,-16.0
10117,2024-01-17,3,0,0,BSL,BSL Station,636,639.934318235763,3.9343182357630573,73.57562751582579,5,2,10,10,6,6,6,6,6,18,10.0,4.0
10117,2024-01-17,4,0,0,BPL,BPL Station,118,121.49285477451598,3.492854774515979,112.06435144107317,9,2,1,1,10,10,10,10,10,16,0.0,-10.0
10117,2024-01-17,5,0,0,HDP,HDP Station,182,183.0259486101097,1.0259486101097135,75.49446783780101,7,2,3,3,0,0,0,0,0,12,6.0,6.0
10117,2024-01-17,6,0,0,AK,AK Station,922,924.6021436892947,2.6021436892946967,127.1463240149032,1,2,15,15,6,6,6,6,6,11,0.0,-6.0
10117,2024-01-17,7,0,0,JP,JP Station,152,156.9535170850935,4.953517085093483,72.22079347924752,5,2,2,2,0,0,0,0,0,9,8.0,8.0
10117,2024-01-17,8,0,0,AMI,AMI Station,676,680.2308302543319,4.2308302543318455,103.45251521743904,6,2,11,11,8,8,8,8,8,8,0.0,-8.0
10117,2024-01-17,9,0,0,MAS,MAS Station,1355,1356.2333815286008,1.2333815286007401,161.98933561394784,8,2,22,22,0,0,0,0,0,7,0.0,0.0
10118,2024-01-18,1,1,0,JP,JP Station,747,748.6485449723606,1.6485449723606174,0.0,4,3,12,12,0,0,0,0,0,0,0.0,0.0
10118,2024-01-18,2,0,0,BSL,BSL Station,676,679.5071003682094,3.507100368209475,102.91944325639074,1,3,11,11,0,0,0,0,0,0,1.0,1.0
10118,2024-01-18,3,0,0,MAS,MAS Station,600,602.1002679091245,2.100267909124408,86.82697633061976,9,3,10,10,1,1,1,1,1,0,7.0,6.0
10118,2024-01-18,4,0,0,AMI,AMI Station,837,839.5970592421701,2.5970592421701153,120.00840875376298,2,3,13,13,7,7,7,7,7,1,0.0,-7.0
10118,2024-01-18,5,0,0,MUMBAI,MUMBAI Station,1420,1421.529906547239,1.5299065472390787,105.67935302433892,5,3,23,23,0,0,0,0,0,0,0.0,0.0
10118,2024-01-18,6,0,0,HDP,HDP Station,394,396.95234324080485,2.952343240804867,130.75715100473394,7,3,6,6,0,0,0,0,0,0,0.0,0.0
10118,2024-01-18,7,0,0,PUNE,PUNE Station,585,587.2764876371809,2.276487637180895,44.678958117014346,9,3,9,9,0,0,0,0,0,0,0.0,0.0
10118,2024-01-18,8,0,0,AK,AK Station,255,259.60514772724093,4.605147727240911,93.33562888804995,7,3,4,4,0,0,0,0,0,0,3.0,3.0
10118,2024-01-18,9,0,0,NGP,NGP Station,425,429.53611016264915,4.536110162649145,123.90959258767623,4,3,7,7,3,3,3,3,3,0,0.0,-3.0
10119,2024-01-19,1,1,0,JP,JP Station,704,707.3169210866623,3.316921086662328,0.0,7,4,11,11,13,0,0,13,13,13,2.0,-11.0
10119,2024-01-19,2,0,0,MAS,MAS Station,952,955.3141929545953,3.3141929545952955,102.91780840551785,4,4,15,15,2,2,2,2,2,7,6.0,4.0
10119,2024-01-19,3,0,0,AMI,AMI Station,392,396.3179246159029,4.3179246159028715,76.55223389299496,1,4,6,6,6,6,6,6,6,6,5.0,-1.0
10119,2024-01-19,4,0,0,BPL,BPL Station,247,247.5774521918082,0.577452191808181,113.61979810611345,4,4,4,4,5,5,5,5,5,5,6.0,1.0
10119,2024-01-19,5,0,0,BSL,BSL Station,881,882.9975451449284,1.9975451449283337,111.63739031375714,9,4,14,14,6,6,6,6,6,5,8.0,2.0
10119,2024-01-19,6,0,0,NGP,NGP Station,563,567.3288534846669,4.328853484666812,85.16908001381235,5,4,9,9,8,8,8,8,8,5,0.0,-8.0
10119,2024-01-19,7,0,0,AK,AK Station,21,25.859905210932887,4.859905210932886,90.01441813871952,5,4,0,0,0,0,0,0,0,4,0.0,0.0
10119,2024-01-19,8,0,0,HDP,HDP Station,264,264.4242349952066,0.42423499520657426,92.73194791177505,6,4,4,4,0,0,0,0,0,3,8.0,8.0
10119,2024-01-19,9,0,0,MUMBAI,MUMBAI Station,877,880.2134527691977,3.2134527691977084,102.12043660028482,7,4,14,14,8,8,8,8,8,3,15.0,7.0
10120,2024-01-15,1,1,0,BSL,BSL Station,1211,1215.5007663016377,4.500766301637649,0.0,9,0,20,20,1,0,0,1,1,1,0.0,-1.0
10120,2024-01-15,2,0,0,HDP,HDP Station,1319,1321.83696842512,2.836968425120021,82.43446910845184,4,0,21,21,0,0,0,0,0,0,3.0,3.0
10120,2024-01-15,3,0,0,AK,AK Station,326,330.5887905726853,4.588790572685323,89.58189184446843,4,0,5,5,3,3,3,3,3,1,0.0,-3.0
10120,2024-01-15,4,0,0,PUNE,PUNE Station,860,864.4186397801186,4.41863978011866,113.6559308662516,1,0,14,14,0,0,0,0,0,0,3.0,3.0
10120,2024-01-15,5,0,0,NGP,NGP Station,32,34.17192571766372,2.171925717663718,99.9720963697446,2,0,0,0,3,3,3,3,3,0,0.0,-3.0
10120,2024-01-15,6,0,0,MAS,MAS Station,498,500.28727819914076,2.287278199140781,113.47021716718709,9,0,8,8,0,0,0,0,0,0,0.0,0.0
10120,2024-01-15,7,0,0,MUMBAI,MUMBAI Station,232,234.18176776834073,2.181767768340727,101.21000477332429,9,0,3,3,0,0,0,0,0,0,0.0,0.0
10120,2024-01-15,8,0,0,JP,JP Station,706,707.3288779626504,1.3288779626503686,77.3813833252442,5,0,11,11,0,0,0,0,0,0,0.0,0.0
10120,2024-01-15,9,0,0,AMI,AMI Station,15,19.25573172949708,4.255731729497077,51.847763860864006,1,0,0,0,0,0,0,0,0,0,6.0,6.0
10121,2024-01-16,1,1,0,HDP,HDP Station,295,296.32806189553054,1.328061895530558,0.0,2,1,4,4,12,0,0,12,12,12,3.0,-9.0
10121,2024-01-16,2,0,0,AMI,AMI Station,1095,1098.2051244149065,3.2051244149064484,87.3188089236974,5,1,18,18,3,3,3,3,3,7,6.0,3.0
10121,2024-01-16,3,0,0,BPL,BPL Station,982,984.9320877887985,2.932087788798474,69.11206876262193,4,1,16,16,6,6,6,6,6,6,14.0,8.0
10121,2024-01-16,4,0,0,NGP,NGP Station,1312,1316.2259593056074,4.225959305607489,84.42232725053661,7,1,21,21,14,14,14,14,14,8,9.0,-5.0
10121,2024-01-16,5,0,0,AK,AK Station,964,964.0,0.0,90.11271660593705,9,1,16,16,9,9,9,9,9,8,8.0,-1.0
10121,2024-01-16,6,0,0,BSL,BSL Station,1094,1097.7699558658428,3.7699558658428334,77.00888600294229,8,1,18,18,8,8,8,8,8,8,15.0,7.0
10121,2024-01-16,7,0,0,MUMBAI,MUMBAI Station,455,460.30749565857883,5.307495658578828,99.61037356216448,5,1,7,7,15,15,15,15,15,9,8.0,-7.0
10121,2024-01-16,8,0,0,PUNE,PUNE Station,542,545.905217062502,3.9052170625019755,93.60142075391963,1,1,9,9,8,8,8,8,8,8,0.0,-8.0
10121,2024-01-16,9,0,0,MAS,MAS Station,180,185.4096406468984,5.409640646898387,99.3711153811801,3,1,3,3,0,0,0,0,0,7,0.0,0.0
10122,2024-01-17,1,1,0,PUNE,PUNE Station,450,451.05474922924805,1.0547492292480405,0.0,6,2,7,7,0,0,0,0,0,0,1.0,1.0
10122,2024-01-17,2,0,0,AMI,AMI Station,1007,1008.8100585022229,1.8100585022229325,98.65689107700554,3,2,16,16,1,1,1,1,1,0,0.0,-1.0
10122,2024-01-17,3,0,0,MUMBAI,MUMBAI Station,997,1000.3681060918087,3.368106091808717,86.74592596861817,7,2,16,16,0,0,0,0,0,0,8.0,8.0
10122,2024-01-17,4,0,0,AK,AK Station,367,367.64728665087796,0.6472866508779691,67.26198382808695,6,2,6,6,8,8,8,8,8,2,0.0,-8.0
10122,2024-01-17,5,0,0,NGP,NGP Station,1213,1216.19232809289,3.192328092889942,99.62092000213228,8,2,20,20,0,0,0,0,0,1,0.0,0.0
10122,2024-01-17,6,0,0,MAS,MAS Station,890,896.5067416180824,6.50674161808245,72.78486396596361,9,2,14,14,0,0,0,0,0,0,4.0,4.0
10123,2024-01-18,1,1,0,JP,JP Station,1369,1370.775767516458,1.775767516457934,0.0,9,3,22,22,0,0,0,0,0,0,0.0,0.0
10123,2024-01-18,2,0,0,MAS,MAS Station,766,768.4202812931886,2.42028129318861,48.48331205188205,6,3,12,12,0,0,0,0,0,0,0.0,0.0
10123,2024-01-18,3,0,0,PUNE,PUNE Station,9,10.139109622738898,1.1391096227388986,111.79809918181661,3,3,0,0,0,0,0,0,0,0,5.0,5.0
10123,2024-01-18,4,0,0,BSL,BSL Station,1261,1261.881072242601,0.8810722426009603,107.6786940024154,8,3,21,21,5,5,5,5,5,1,13.0,8.0
10123,2024-01-18,5,0,0,NGP,NGP Station,1100,1102.5418150823912,2.5418150823911576,116.55230903210611,1,3,18,18,13,13,13,13,13,3,1.0,-12.0
10123,2024-01-18,6,0,0,AK,AK Station,146,147.84045543559594,1.8404554355959455,72.58544456712517,8,3,2,2,1,1,1,1,1,2,0.0,-1.0
10123,2024-01-18,7,0,0,BPL,BPL Station,1356,1360.7137164671142,4.713716467114158,114.41281397384326,9,3,22,22,0,0,0,0,0,1,7.0,7.0
10123,2024-01-18,8,0,0,HDP,HDP Station,899,899.0,0.0,63.80894369084127,5,3,14,14,7,7,7,7,7,1,4.0,-3.0
10123,2024-01-18,9,0,0,AMI,AMI Station,42,46.82221342164288,4.82221342164288,99.25874809388819,2,3,0,0,4,4,4,4,4,1,0.0,-4.0
10124,2024-01-19,1,1,0,MAS,MAS Station,861,862.2113808699653,1.2113808699652748,0.0,1,4,14,14,0,0,0,0,0,0,1.0,1.0
10124,2024-01-19,2,0,0,PUNE,PUNE Station,417,418.7976066483694,1.7976066483693955,77.25342692119918,8,4,6,6,1,1,1,1,1,0,0.0,-1.0
10124,2024-01-19,3,0,0,JP,JP Station,1013,1014.4405563823716,1.4405563823716219,89.67365575307954,4,4,16,16,0,0,0,0,0,0,0.0,0.0
10124,2024-01-19,4,0,0,NGP,NGP Station,1179,1183.1179174951146,4.1179174951145185,67.56980879399252,7,4,19,19,0,0,0,0,0,0,11.0,11.0
10125,2024-01-15,1,1,0,JP,JP Station,676,681.801193006242,5.801193006242026,0.0,8,0,11,11,0,0,0,0,0,0,0.0,0.0
10125,2024-01-15,2,0,0,NGP,NGP Station,1337,1340.8409787793682,3.8409787793681627,72.12809972561759,1,0,22,22,0,0,0,0,0,0,0.0,0.0
10125,2024-01-15,3,0,0,AK,AK Station,274,276.30540408364897,2.3054040836489738,32.31351265643597,7,0,4,4,0,0,0,0,0,0,1.0,1.0
10125,2024-01-15,4,0,0,HDP,HDP Station,1174,1176.8995414604162,2.8995414604162173,61.479637657590956,7,0,19,19,1,1,1,1,1,0,0.0,-1.0
10125,2024-01-15,5,0,0,BSL,BSL Station,300,302.31525405229746,2.3152540522974574,115.68874105554768,8,0,5,5,0,0,0,0,0,0,0.0,0.0
10125,2024-01-15,6,0,0,PUNE,PUNE Station,288,291.078789552323,3.0787895523229745,105.83308412187051,7,0,4,4,0,0,0,0,0,0,0.0,0.0
10125,2024-01-15,7,0,0,MAS,MAS Station,171,173.76874644244788,2.768746442447871,71.04562995187202,6,0,2,2,0,0,0,0,0,0,7.0,7.0
10126,2024-01-16,1,1,0,JP,JP Station,862,867.9377476028185,5.937747602818492,0.0,9,1,14,14,11,0,0,11,11,11,2.0,-9.0
10126,2024-01-16,2,0,0,BPL,BPL Station,556,557.4948416447507,1.4948416447507449,83.37295401824302,7,1,9,9,2,2,2,2,2,6,4.0,2.0
10126,2024-01-16,3,0,0,MUMBAI,MUMBAI Station,254,256.27860903993354,2.27860903993352,110.22703615842136,6,1,4,4,4,4,4,4,4,5,5.0,1.0
10126,2024-01-16,4,0,0,HDP,HDP Station,1350,1352.5819366136705,2.5819366136705293,95.2854114612361,7,1,22,22,5,5,5,5,5,5,2.0,-3.0
10126,2024-01-16,5,0,0,AMI,AMI Station,206,209.23083666722215,3.2308366672221394,85.98219587453143,3,1,3,3,2,2,2,2,2,4,4.0,2.0
10126,2024-01-16,6,0,0,AK,AK Station,186,190.215866880495,4.215866880495008,108.01415438083991,6,1,3,3,4,4,4,4,4,4,0.0,-4.0
10126,2024-01-16,7,0,0,MAS,MAS Station,631,632.4684055026897,1.468405502689716,118.97640216675431,3,1,10,10,0,0,0,0,0,3,0.0,0.0
10127,2024-01-17,1,1,0,BSL,BSL Station,1090,1092.476056797692,2.476056797692168,0.0,1,2,18,18,6,0,0,6,6,6,8.0,2.0
10127,2024-01-17,2,0,0,AMI,AMI Station,171,175.1669800174621,4.1669800174621034,73.78942740356747,8,2,2,2,8,8,8,8,8,7,9.0,1.0
10127,2024-01-17,3,0,0,AK,AK Station,896,900.3755937685589,4.375593768558908,99.24208757509876,4,2,14,14,9,9,9,9,9,7,15.0,6.0
10127,2024-01-17,4,0,0,HDP,HDP Station,485,489.0745101208106,4.074510120810616,73.64591696027854,5,2,8,8,15,15,15,15,15,9,13.0,-2.0
10127,2024-01-17,5,0,0,PUNE,PUNE Station,1382,1386.4269382454038,4.426938245403877,55.10104626664334,9,2,23,23,13,13,13,13,13,9,12.0,-1.0
10127,2024-01-17,6,0,0,BPL,BPL Station,126,128.483518197345,2.4835181973450045,79.24846117998511,2,2,2,2,12,12,12,12,12,9,4.0,-8.0
10127,2024-01-17,7,0,0,MAS,MAS Station,1288,1289.9031270134187,1.9031270134186433,107.55420567047065,6,2,21,21,4,4,4,4,4,8,0.0,-4.0
10127,2024-01-17,8,0,0,JP,JP Station,1186,1191.7113854832885,5.711385483288461,85.66033477167947,6,2,19,19,0,0,0,0,0,7,2.0,2.0
10128,2024-01-18,1,1,0,AK,AK Station,1015,1016.3501368402415,1.3501368402414902,0.0,9,3,16,16,0,0,0,0,0,0,0.0,0.0
10128,2024-01-18,2,0,0,PUNE,PUNE Station,1233,1236.8458761046572,3.845876104657225,97.92064359085856,2,3,20,20,0,0,0,0,0,0,0.0,0.0
10128,2024-01-18,3,0,0,NGP,NGP Station,880,883.9364319349733,3.936431934973263,61.49644470998589,9,3,14,14,0,0,0,0,0,0,6.0,6.0
10128,2024-01-18,4,0,0,MUMBAI,MUMBAI Station,1268,1270.3097735574854,2.309773557485387,112.37789195861339,1,3,21,21,6,6,6,6,6,1,3.0,-3.0
10128,2024-01-18,5,0,0,HDP,HDP Station,549,550.8851565908244,1.8851565908243735,74.5639594241075,4,3,9,9,3,3,3,3,3,1,0.0,-3.0
10128,2024-01-18,6,0,0,JP,JP Station,122,125.64701764981665,3.647017649816645,131.15622354195523,9,3,2,2,0,0,0,0,0,0,0.0,0.0
10128,2024-01-18,7,0,0,BPL,BPL Station,1167,1168.09965493061,1.099654930610109,98.7733592511652,4,3,19,19,0,0,0,0,0,0,0.0,0.0
10128,2024-01-18,8,0,0,MAS,MAS Station,113,118.35200754656498,5.352007546564979,58.19716338639404,7,3,1,1,0,0,0,0,0,0,1.0,1.0
10128,2024-01-18,9,0,0,BSL,BSL Station,1335,1339.981390245543,4.981390245542988,98.53551847616014,7,3,22,22,1,1,1,1,1,0,0.0,-1.0
10129,2024-01-19,1,1,0,HDP,HDP Station,724,728.4093960578078,4.409396057807799,0.0,6,4,12,12,0,0,0,0,0,0,8.0,8.0
10129,2024-01-19,2,0,0,BSL,BSL Station,669,671.6627570049955,2.662757004995407,109.97340233521744,3,4,11,11,8,8,8,8,8,4,6.0,-2.0
10129,2024-01-19,3,0,0,JP,JP Station,538,541.656268363447,3.656268363447034,85.33806157925702,9,4,8,8,6,6,6,6,6,4,10.0,4.0
10129,2024-01-19,4,0,0,AMI,AMI Station,1323,1325.174119399499,2.17411939949894,100.19378462449312,2,4,22,22,10,10,10,10,10,5,2.0,-8.0
10129,2024-01-19,5,0,0,AK,AK Station,1158,1160.300138893196,2.300138893195835,85.67791257633361,9,4,19,19,2,2,2,2,2,4,4.0,2.0
10129,2024-01-19,6,0,0,MAS,MAS Station,878,883.2995059260904,5.29950592609041,114.25475028524859,8,4,14,14,4,4,4,4,4,4,0.0,-4.0
10129,2024-01-19,7,0,0,BPL,BPL Station,187,190.39009095716924,3.390090957169233,82.92727158301417,8,4,3,3,0,0,0,0,0,3,0.0,0.0
10129,2024-01-19,8,0,0,PUNE,PUNE Station,236,236.83627561161057,0.8362756116105796,92.30003055704914,6,4,3,3,0,0,0,0,0,2,0.0,0.0
10129,2024-01-19,9,0,0,MUMBAI,MUMBAI Station,953,955.0713155776251,2.0713155776251027,112.81717973403228,8,4,15,15,0,0,0,0,0,1,0.0,0.0
10130,2024-01-15,1,1,0,NGP,NGP Station,287,289.4810287536463,2.481028753646264,0.0,3,0,4,4,0,0,0,0,0,0,2.0,2.0
10130,2024-01-15,2,0,0,MUMBAI,MUMBAI Station,897,898.4481920537276,1.4481920537275692,80.77590792775533,3,0,14,14,2,2,2,2,2,1,0.0,-2.0
10130,2024-01-15,3,0,0,PUNE,PUNE Station,994,997.5595318205968,3.55953182059681,91.2812134037236,6,0,16,16,0,0,0,0,0,0,0.0,0.0
10130,2024-01-15,4,0,0,AMI,AMI Station,991,994.4592038727336,3.459203872733566,97.28908691575435,4,0,16,16,0,0,0,0,0,0,6.0,6.0
10130,2024-01-15,5,0,0,MAS,MAS Station,796,800.7775294569286,4.777529456928617,64.59382546232888,2,0,13,13,6,6,6,6,6,1,5.0,-1.0
10130,2024-01-15,6,0,0,JP,JP Station,576,577.1847592455287,1.1847592455286724,105.96696102698216,4,0,9,9,5,5,5,5,5,1,0.0,-5.0
10130,2024-01-15,7,0,0,AK,AK Station,1139,1140.649070610158,1.6490706101580428,103.16384347968832,4,0,18,18,0,0,0,0,0,0,2.0,2.0
10131,2024-01-16,1,1,0,JP,JP Station,537,540.8850071416567,3.8850071416567067,0.0,3,1,8,8,25,0,0,25,25,25,17.0,-8.0
10131,2024-01-16,2,0,0,MAS,MAS Station,270,273.46677411165035,3.4667741116503654,69.47011447620827,2,1,4,4,17,17,17,17,17,21,16.0,-1.0
10131,2024-01-16,3,0,0,AK,AK Station,71,71.38944826157827,0.38944826157827217,95.68983870818991,5,1,1,1,16,16,16,16,16,19,7.0,-9.0
10131,2024-01-16,4,0,0,PUNE,PUNE Station,635,638.8683929728569,3.868392972856852,99.20084647720932,3,1,10,10,7,7,7,7,7,16,0.0,-7.0
10131,2024-01-16,5,0,0,AMI,AMI Station,1418,1421.9932472116661,3.993247211666053,128.43652778148373,6,1,23,23,0,0,0,0,0,12,2.0,2.0
10131,2024-01-16,6,0,0,BPL,BPL Station,480,482.206616246422,2.2066162464220347,80.16242615900693,3,1,8,8,2,2,2,2,2,10,2.0,0.0
10131,2024-01-16,7,0,0,MUMBAI,MUMBAI Station,77,81.88978428635468,4.889784286354687,108.92075493328497,3,1,1,1,2,2,2,2,2,8,0.0,-2.0
10131,2024-01-16,8,0,0,BSL,BSL Station,422,425.5868139908561,3.5868139908560908,101.63563541256725,4,1,7,7,0,0,0,0,0,7,5.0,5.0
10131,2024-01-16,9,0,0,NGP,NGP Station,36,39.98119200325664,3.9811920032566386,87.83722019217167,6,1,0,0,5,5,5,5,5,6,0.0,-5.0
10132,2024-01-17,1,1,0,AMI,AMI Station,913,914.3652346224693,1.3652346224692868,0.0,4,2,15,15,6,0,0,6,6,6,2.0,-4.0
10132,2024-01-17,2,0,0,JP,JP Station,965,969.7340100041766,4.734010004176691,105.51292985587486,6,2,16,16,2,2,2,2,2,4,6.0,4.0
10132,2024-01-17,3,0,0,NGP,NGP Station,443,445.4522260755594,2.4522260755593983,79.93512689396638,6,2,7,7,6,6,6,6,6,4,8.0,2.0
10132,2024-01-17,4,0,0,HDP,HDP Station,567,571.9872426329852,4.987242632985139,86.88893405725787,3,2,9,9,8,8,8,8,8,5,0.0,-8.0
10132,2024-01-17,5,0,0,BPL,BPL Station,870,875.2046763881813,5.204676388181244,77.55459554212008,3,2,14,14,0,0,0,0,0,4,0.0,0.0
10132,2024-01-17,6,0,0,PUNE,PUNE Station,274,275.559552585227,1.559552585226971,80.88057564038914,8,2,4,4,0,0,0,0,0,3,0.0,0.0
10133,2024-01-18,1,1,0,BPL,BPL Station,651,655.5265948141647,4.526594814164719,0.0,6,3,10,10,0,0,0,0,0,0,0.0,0.0
10133,2024-01-18,2,0,0,NGP,NGP Station,3,6.288977298972037,3.288977298972037,68.19529839628498,4,3,0,0,0,0,0,0,0,0,3.0,3.0
10133,2024-01-18,3,0,0,BSL,BSL Station,102,104.11347231639985,2.113472316399852,98.8011985804629,5,3,1,1,3,3,3,3,3,1,5.0,2.0
10133,2024-01-18,4,0,0,PUNE,PUNE Station,1078,1081.359660730097,3.359660730096946,75.85577841540554,5,3,17,17,5,5,5,5,5,2,7.0,2.0
10133,2024-01-18,5,0,0,HDP,HDP Station,1260,1260.0,0.0,88.10972119264464,3,3,21,21,7,7,7,7,7,3,0.0,-7.0
10133,2024-01-18,6,0,0,MUMBAI,MUMBAI Station,866,870.8123700103154,4.812370010315336,101.94145122022718,9,3,14,14,0,0,0,0,0,2,1.0,1.0
10133,2024-01-18,7,0,0,AMI,AMI Station,825,826.3903828073547,1.3903828073547109,74.17477697386396,2,3,13,13,1,1,1,1,1,1,8.0,7.0
10133,2024-01-18,8,0,0,MAS,MAS Station,1092,1093.972326030536,1.9723260305359045,64.61417789513791,1,3,18,18,8,8,8,8,8,1,10.0,2.0
10133,2024-01-18,9,0,0,AK,AK Station,622,626.637089895432,4.637089895432062,105.64887297576965,6,3,10,10,10,10,10,10,10,2,0.0,-10.0
10134,2024-01-19,1,1,0,BPL,BPL Station,1163,1166.2366028114175,3.2366028114175216,0.0,5,4,19,19,7,0,0,7,7,7,4.0,-3.0
10134,2024-01-19,2,0,0,NGP,NGP Station,667,667.6395556434373,0.639555643437304,91.62697766693529,4,4,11,11,4,4,4,4,4,5,0.0,-4.0
10134,2024-01-19,3,0,0,JP,JP Station,206,207.3327419289483,1.3327419289483142,70.6121249325834,8,4,3,3,0,0,0,0,0,3,6.0,6.0
10134,2024-01-19,4,0,0,BSL,BSL Station,1380,1381.9056554763936,1.9056554763935758,54.463486768479505,6,4,23,23,6,6,6,6,6,3,0.0,-6.0
10134,2024-01-19,5,0,0,MAS,MAS Station,988,992.6230258587474,4.623025858747374,83.83580053145485,8,4,16,16,0,0,0,0,0,2,0.0,0.0
10135,2024-01-15,1,1,0,PUNE,PUNE Station,487,491.19941743908436,4.199417439084366,0.0,9,0,8,8,0,0,0,0,0,0,0.0,0.0
10135,2024-01-15,2,0,0,JP,JP Station,1419,1422.975114864789,3.9751148647889694,61.136375530635235,5,0,23,23,0,0,0,0,0,0,0.0,0.0
10135,2024-01-15,3,0,0,MAS,MAS Station,1167,1171.5725998317203,4.572599831720312,88.37865789129165,8,0,19,19,0,0,0,0,0,0,1.0,1.0
10135,2024-01-15,4,0,0,MUMBAI,MUMBAI Station,411,415.47258701131443,4.472587011314453,98.75802802872622,1,0,6,6,1,1,1,1,1,0,0.0,-1.0
10135,2024-01-15,5,0,0,BSL,BSL Station,1361,1363.295026140005,2.295026140004987,93.89859147621956,4,0,22,22,0,0,0,0,0,0,3.0,3.0
10135,2024-01-15,6,0,0,HDP,HDP Station,712,715.5699243365092,3.5699243365091986,110.61309458659662,7,0,11,11,3,3,3,3,3,0,0.0,-3.0
10135,2024-01-15,7,0,0,AMI,AMI Station,4,5.484399920080454,1.4843999200804538,77.42287825032017,9,0,0,0,0,0,0,0,0,0,0.0,0.0
10135,2024-01-15,8,0,0,BPL,BPL Station,1069,1070.6167166418525,1.616716641852559,94.09032005622451,2,0,17,17,0,0,0,0,0,0,0.0,0.0
10135,2024-01-15,9,0,0,NGP,NGP Station,1039,1041.2067413730688,2.2067413730686916,81.19448200888468,3,0,17,17,0,0,0,0,0,0,3.0,3.0
10136,2024-01-16,1,1,0,MUMBAI,MUMBAI Station,248,249.1365345831857,1.136534583185698,0.0,5,1,4,4,0,0,0,0,0,0,0.0,0.0
10136,2024-01-16,2,0,0,JP,JP Station,265,267.95192875875443,2.9519287587544296,90.67049404777175,9,1,4,4,0,0,0,0,0,0,4.0,4.0
10136,2024-01-16,3,0,0,MAS,MAS Station,9,13.233099117048791,4.233099117048791,85.69302630343446,5,1,0,0,4,4,4,4,4,1,3.0,-1.0
10136,2024-01-16,4,0,0,PUNE,PUNE Station,717,719.6750224568779,2.6750224568778598,106.54430245449336,6,1,11,11,3,3,3,3,3,1,0.0,-3.0
10136,2024-01-16,5,0,0,HDP,HDP Station,377,377.9959956613476,0.9959956613476084,91.15728094853513,9,1,6,6,0,0,0,0,0,0,1.0,1.0
10136,2024-01-16,6,0,0,AK,AK Station,727,731.677274525726,4.677274525726062,113.97285217990927,6,1,12,12,1,1,1,1,1,0,0.0,-1.0
10136,2024-01-16,7,0,0,BSL,BSL Station,162,165.05323392080325,3.0532339208032506,102.81632823562204,8,1,2,2,0,0,0,0,0,0,0.0,0.0
10136,2024-01-16,8,0,0,BPL,BPL Station,1323,1326.3937920184849,3.3937920184849872,55.91266583407469,2,1,22,22,0,0,0,0,0,0,3.0,3.0
10136,2024-01-16,9,0,0,AMI,AMI Station,791,795.0844573729526,4.084457372952583,114.27655741388915,2,1,13,13,3,3,3,3,3,0,0.0,-3.0
10137,2024-01-17,1,1,0,HDP,HDP Station,257,259.86762280590307,2.867622805903069,0.0,3,2,4,4,0,0,0,0,0,0,0.0,0.0
10137,2024-01-17,2,0,0,AK,AK Station,414,416.9815523260379,2.9815523260379138,72.722680672086,1,2,6,6,0,0,0,0,0,0,9.0,9.0
10137,2024-01-17,3,0,0,PUNE,PUNE Station,382,385.5789551388533,3.578955138853314,66.46710112199894,6,2,6,6,9,9,9,9,9,3,18.0,9.0
10137,2024-01-17,4,0,0,BSL,BSL Station,1116,1117.4757175038446,1.4757175038445531,100.78335688306115,8,2,18,18,18,18,18,18,18,6,14.0,-4.0
10137,2024-01-17,5,0,0,MAS,MAS Station,478,480.1037634764448,2.1037634764447692,86.6134679633208,8,2,7,7,14,14,14,14,14,7,6.0,-8.0
10137,2024-01-17,6,0,0,MUMBAI,MUMBAI Station,561,564.1906028600393,3.1906028600393332,67.59164162127222,6,2,9,9,6,6,6,6,6,6,13.0,7.0
10137,2024-01-17,7,0,0,AMI,AMI Station,386,389.60141005221044,3.601410052210417,106.74843786742689,8,2,6,6,13,13,13,13,13,7,10.0,-3.0
10137,2024-01-17,8,0,0,JP,JP Station,712,715.0766620523153,3.0766620523153527,103.38848526682622,7,2,11,11,10,10,10,10,10,7,9.0,-1.0
10138,2024-01-18,1,1,0,AMI,AMI Station,979,983.6500915089302,4.6500915089302,0.0,8,3,16,16,3,0,0,3,3,3,0.0,-3.0
10138,2024-01-18,2,0,0,BSL,BSL Station,296,296.2861621153884,0.286162115388374,86.11558171070327,3,3,4,4,0,0,0,0,0,1,1.0,1.0
10138,2024-01-18,3,0,0,AK,AK Station,661,666.0448488455417,5.044848845541678,102.28636680323959,5,3,11,11,1,1,1,1,1,1,3.0,2.0
10138,2024-01-18,4,0,0,HDP,HDP Station,233,234.74154734053374,1.7415473405337336,101.67939813695669,6,3,3,3,3,3,3,3,3,1,2.0,-1.0
10138,2024-01-18,5,0,0,NGP,NGP Station,1237,1238.3831412082727,1.3831412082726198,77.18630013004798,7,3,20,20,2,2,2,2,2,1,0.0,-2.0
10138,2024-01-18,6,0,0,MAS,MAS Station,711,717.0633867607662,6.063386760766187,98.4486994580288,1,3,11,11,0,0,0,0,0,0,0.0,0.0
10138,2024-01-18,7,0,0,MUMBAI,MUMBAI Station,1065,1069.335626285993,4.335626285992905,91.66313305427991,7,3,17,17,0,0,0,0,0,0,0.0,0.0
10138,2024-01-18,8,0,0,JP,JP Station,1252,1254.185704592333,2.1857045923329794,74.65827825473914,8,3,20,20,0,0,0,0,0,0,0.0,0.0
10138,2024-01-18,9,0,0,BPL,BPL Station,149,151.35402612086926,2.354026120869261,106.1269682214986,3,3,2,2,0,0,0,0,0,0,2.0,2.0
10139,2024-01-19,1,1,0,HDP,HDP Station,1299,1300.6258654393168,1.6258654393168563,0.0,6,4,21,21,1,0,0,1,1,1,2.0,1.0
10139,2024-01-19,2,0,0,NGP,NGP Station,1027,1029.5695117213136,2.5695117213135017,113.00974100066703,5,4,17,17,2,2,2,2,2,1,5.0,3.0
10139,2024-01-19,3,0,0,AK,AK Station,1215,1216.6042217520323,1.6042217520324482,60.274365381304456,4,4,20,20,5,5,5,5,5,2,2.0,-3.0
10139,2024-01-19,4,0,0,AMI,AMI Station,1146,1146.242222065092,0.24222206509189403,107.96234648244695,8,4,19,19,2,2,2,2,2,2,0.0,-2.0
10139,2024-01-19,5,0,0,PUNE,PUNE Station,751,755.0537999709007,4.0537999709007835,69.62126659214704,1,4,12,12,0,0,0,0,0,1,3.0,3.0
10139,2024-01-19,6,0,0,MAS,MAS Station,1331,1335.0042145062646,4.004214506264605,112.49535782475354,7,4,22,22,3,3,3,3,3,1,0.0,-3.0
10139,2024-01-19,7,0,0,BSL,BSL Station,411,414.96061885275014,3.9606188527501516,100.63226293577088,9,4,6,6,0,0,0,0,0,0,0.0,0.0
10140,2024-01-15,1,1,0,JP,JP Station,329,330.92394395769435,1.9239439576943362,0.0,7,0,5,5,10,0,0,10,10,10,9.0,-1.0
10140,2024-01-15,2,0,0,MUMBAI,MUMBAI Station,293,295.2584757767328,2.258475776732801,101.09667591937284,5,0,4,4,9,9,9,9,9,9,4.0,-5.0
10140,2024-01-15,3,0,0,HDP,HDP Station,207,208.02683803942523,1.0268380394252317,116.18888202805296,3,0,3,3,4,4,4,4,4,7,4.0,0.0
10140,2024-01-15,4,0,0,NGP,NGP Station,550,552.7256867482336,2.725686748233585,66.59274504828826,1,0,9,9,4,4,4,4,4,6,0.0,-4.0
10140,2024-01-15,5,0,0,AK,AK Station,812,815.1426071553396,3.1426071553396144,106.9640634299443,8,0,13,13,0,0,0,0,0,4,0.0,0.0
10140,2024-01-15,6,0,0,AMI,AMI Station,843,847.6842382408279,4.684238240827913,66.50556837581823,8,0,14,14,0,0,0,0,0,3,0.0,0.0
10140,2024-01-15,7,0,0,BPL,BPL Station,951,953.3774330993435,2.3774330993435475,73.20616679277505,1,0,15,15,0,0,0,0,0,2,0.0,0.0
10140,2024-01-15,8,0,0,MAS,MAS Station,478,481.79096454009937,3.7909645400993455,89.40461010847659,8,0,7,7,0,0,0,0,0,1,11.0,11.0
10140,2024-01-15,9,0,0,PUNE,PUNE Station,145,145.99950891598263,0.9995089159826405,83.69954103429974,8,0,2,2,11,11,11,11,11,2,0.0,-11.0
10141,2024-01-16,1,1,0,HDP,HDP Station,1104,1104.9538410092725,0.9538410092724625,0.0,2,1,18,18,0,0,0,0,0,0,0.0,0.0
10141,2024-01-16,2,0,0,BPL,BPL Station,757,762.4080339435427,5.40803394354271,114.4787268847578,8,1,12,12,0,0,0,0,0,0,0.0,0.0
10141,2024-01-16,3,0,0,MUMBAI,MUMBAI Station,1214,1219.1530497743042,5.153049774304218,109.55289689576871,7,1,20,20,0,0,0,0,0,0,0.0,0.0
10141,2024-01-16,4,0,0,BSL,BSL Station,1410,1413.048469556963,3.0484695569631297,95.53408847704969,1,1,23,23,0,0,0,0,0,0,1.0,1.0
10141,2024-01-16,5,0,0,NGP,NGP Station,993,997.1543477156715,4.154347715671511,109.35588938006852,2,1,16,16,1,1,1,1,1,0,5.0,4.0
10141,2024-01-16,6,0,0,AMI,AMI Station,779,782.7703599920028,3.7703599920027435,67.13440788410921,5,1,12,12,5,5,5,5,5,0,3.0,-2.0
10141,2024-01-16,7,0,0,PUNE,PUNE Station,467,472.59393451358596,5.593934513585966,75.77393546101041,1,1,7,7,3,3,3,3,3,0,7.0,4.0
10141,2024-01-16,8,0,0,JP,JP Station,540,540.7730467192728,0.7730467192727977,76.58601857705042,1,1,9,9,7,7,7,7,7,0,1.0,-6.0
10141,2024-01-16,9,0,0,MAS,MAS Station,1147,1148.594807147561,1.5948071475609258,113.52980875270063,9,1,19,19,1,1,1,1,1,0,2.0,1.0
10142,2024-01-17,1,1,0,HDP,HDP Station,44,48.865203692518946,4.8652036925189455,0.0,1,2,0,0,13,0,0,13,13,13,9.0,-4.0
10142,2024-01-17,2,0,0,MUMBAI,MUMBAI Station,336,336.0,0.0,106.63566546802471,6,2,5,5,9,9,9,9,9,11,5.0,-4.0
10142,2024-01-17,3,0,0,MAS,MAS Station,1016,1018.9023491918671,2.9023491918670437,144.45897375448607,7,2,16,16,5,5,5,5,5,9,9.0,4.0
10142,2024-01-17,4,0,0,BSL,BSL Station,272,276.1637294094126,4.1637294094126025,101.53380293568247,3,2,4,4,9,9,9,9,9,9,4.0,-5.0
10142,2024-01-17,5,0,0,AMI,AMI Station,378,380.93411230056734,2.934112300567317,111.74907101388331,4,2,6,6,4,4,4,4,4,8,0.0,-4.0
10142,2024-01-17,6,0,0,BPL,BPL Station,337,341.62620726188084,4.626207261880846,71.92239174752808,7,2,5,5,0,0,0,0,0,6,6.0,6.0
10142,2024-01-17,7,0,0,AK,AK Station,1045,1049.5918843877682,4.591884387768177,81.33220866627694,4,2,17,17,6,6,6,6,6,6,0.0,-6.0
10142,2024-01-17,8,0,0,JP,JP Station,432,432.1876641040684,0.1876641040684066,85.78660146389674,2,2,7,7,0,0,0,0,0,5,0.0,0.0
10142,2024-01-17,9,0,0,NGP,NGP Station,1388,1390.8741472050976,2.8741472050975547,82.3263148984744,4,2,23,23,0,0,0,0,0,4,0.0,0.0
10143,2024-01-18,1,1,0,PUNE,PUNE Station,372,374.71140062036517,2.7114006203651533,0.0,2,3,6,6,9,0,0,9,9,9,9.0,0.0
10143,2024-01-18,2,0,0,MUMBAI,MUMBAI Station,686,687.531846156326,1.5318461563259873,90.72337759726925,3,3,11,11,9,9,9,9,9,9,9.0,0.0
10143,2024-01-18,3,0,0,MAS,MAS Station,674,678.0523076875376,4.052307687537599,72.46605828761415,7,3,11,11,9,9,9,9,9,9,7.0,-2.0
10143,2024-01-18,4,0,0,AMI,AMI Station,229,231.4301645391278,2.4301645391278006,121.96643858308208,5,3,3,3,7,7,7,7,7,8,3.0,-4.0
10143,2024-01-18,5,0,0,BPL,BPL Station,200,203.6087081829178,3.6087081829178107,82.33764925732014,5,3,3,3,3,3,3,3,3,7,0.0,-3.0
10143,2024-01-18,6,0,0,AK,AK Station,1119,1123.6278333954924,4.6278333954924475,90.77110337568635,9,3,18,18,0,0,0,0,0,5,5.0,5.0
10143,2024-01-18,7,0,0,JP,JP Station,1205,1208.9054686084412,3.905468608441108,77.23175162660922,7,3,20,20,5,5,5,5,5,5,7.0,2.0
10143,2024-01-18,8,0,0,HDP,HDP Station,503,506.4716668863123,3.4716668863122786,82.82083229641172,5,3,8,8,7,7,7,7,7,5,14.0,7.0
10143,2024-01-18,9,0,0,NGP,NGP Station,758,759.4416521880687,1.4416521880687576,110.40097186553237,3,3,12,12,14,14,14,14,14,6,13.0,-1.0
10144,2024-01-19,1,1,0,NGP,NGP Station,231,236.42987293098983,5.429872930989834,0.0,1,4,3,3,4,0,0,4,4,4,0.0,-4.0
10144,2024-01-19,2,0,0,MUMBAI,MUMBAI Station,1408,1413.1577886630894,5.15778866308928,100.91798234230649,5,4,23,23,0,0,0,0,0,2,2.0,2.0
10144,2024-01-19,3,0,0,AK,AK Station,863,864.3249423037232,1.3249423037231893,127.0519493694924,9,4,14,14,2,2,2,2,2,2,3.0,1.0
10144,2024-01-19,4,0,0,MAS,MAS Station,343,346.8249879622655,3.8249879622654808,112.40525841101123,4,4,5,5,3,3,3,3,3,2,0.0,-3.0
10145,2024-01-15,1,1,0,BPL,BPL Station,207,209.00229751552314,2.0022975155231535,0.0,1,0,3,3,0,0,0,0,0,0,6.0,6.0
10145,2024-01-15,2,0,0,MUMBAI,MUMBAI Station,1394,1396.0352249869595,2.035224986959454,95.83760052232633,3,0,23,23,6,6,6,6,6,3,2.0,-4.0
10145,2024-01-15,3,0,0,BSL,BSL Station,1360,1363.5044168338713,3.5044168338713435,75.25941277694605,2,0,22,22,2,2,2,2,2,2,3.0,1.0
10145,2024-01-15,4,0,0,AMI,AMI Station,789,793.9038493603804,4.903849360380341,98.7346511112967,8,0,13,13,3,3,3,3,3,2,1.0,-2.0
10146,2024-01-16,1,1,0,BPL,BPL Station,92,96.6051828927899,4.605182892789899,0.0,3,1,1,1,15,0,0,15,15,15,5.0,-10.0
10146,2024-01-16,2,0,0,HDP,HDP Station,983,988.559495929308,5.559495929307976,58.01470547894439,6,1,16,16,5,5,5,5,5,10,2.0,-3.0
10146,2024-01-16,3,0,0,BSL,BSL Station,874,874.6805386312167,0.6805386312167232,74.06758240375352,4,1,14,14,2,2,2,2,2,7,0.0,-2.0
10146,2024-01-16,4,0,0,MAS,MAS Station,1211,1215.0613135264014,4.061313526401253,79.22209542028062,3,1,20,20,0,0,0,0,0,5,0.0,0.0
10146,2024-01-16,5,0,0,JP,JP Station,742,747.5298942040333,5.5298942040332815,83.39660664118118,8,1,12,12,0,0,0,0,0,4,0.0,0.0
10146,2024-01-16,6,0,0,NGP,NGP Station,1423,1424.5788564324089,1.5788564324089855,114.99420840368637,3,1,23,23,0,0,0,0,0,3,0.0,0.0
10146,2024-01-16,7,0,0,MUMBAI,MUMBAI Station,20,22.540463435332434,2.5404634353324345,59.023198509624805,5,1,0,0,0,0,0,0,0,2,0.0,0.0
10146,2024-01-16,8,0,0,AMI,AMI Station,142,144.90176869296758,2.9017686929675777,73.50775980469956,3,1,2,2,0,0,0,0,0,1,2.0,2.0
10146,2024-01-16,9,0,0,AK,AK Station,1338,1342.2429590691372,4.242959069137314,75.07453956737793,3,1,22,22,2,2,2,2,2,1,1.0,-1.0
10147,2024-01-17,1,1,0,NGP,NGP Station,175,178.04992874178603,3.049928741786024,0.0,5,2,2,2,12,0,0,12,12,12,7.0,-5.0
10147,2024-01-17,2,0,0,MUMBAI,MUMBAI Station,1256,1260.8332972363337,4.833297236333658,122.13147716149378,8,2,20,20,7,7,7,7,7,9,15.0,8.0
10147,2024-01-17,3,0,0,PUNE,PUNE Station,737,737.7090215188733,0.7090215188733278,58.7943500267111,6,2,12,12,15,15,15,15,15,11,13.0,-2.0
10147,2024-01-17,4,0,0,BPL,BPL Station,877,878.699543875258,1.6995438752579726,91.73437333511922,1,2,14,14,13,13,13,13,13,11,11.0,-2.0
10147,2024-01-17,5,0,0,HDP,HDP Station,655,657.9740901429277,2.9740901429277407,78.00720010357593,2,2,10,10,11,11,11,11,11,11,12.0,1.0
10147,2024-01-17,6,0,0,AMI,AMI Station,786,787.058259967713,1.0582599677129827,73.63325033327493,6,2,13,13,12,12,12,12,12,11,7.0,-5.0
10147,2024-01-17,7,0,0,JP,JP Station,892,895.1825101550419,3.1825101550418586,119.90248820392954,8,2,14,14,7,7,7,7,7,10,1.0,-6.0
10147,2024-01-17,8,0,0,MAS,MAS Station,711,714.4592018296541,3.459201829654133,85.37880926318203,2,2,11,11,1,1,1,1,1,8,2.0,1.0
10147,2024-01-17,9,0,0,BSL,BSL Station,1085,1087.8952844147334,2.8952844147334695,83.28329000826729,6,2,18,18,2,2,2,2,2,7,0.0,-2.0
10148,2024-01-18,1,1,0,MAS,MAS Station,1015,1018.8234167766499,3.823416776649829,0.0,3,3,16,16,9,0,0,9,9,9,2.0,-7.0
10148,2024-01-18,2,0,0,BSL,BSL Station,413,416.59557000482357,3.5955700048235997,106.91702368938007,1,3,6,6,2,2,2,2,2,5,2.0,0.0
10148,2024-01-18,3,0,0,PUNE,PUNE Station,57,63.92219840304266,6.922198403042654,98.04597711376763,6,3,0,0,2,2,2,2,2,4,0.0,-2.0
10148,2024-01-18,4,0,0,AK,AK Station,504,509.9513111192938,5.9513111192937895,63.844468697046786,3,3,8,8,0,0,0,0,0,3,0.0,0.0
10148,2024-01-18,5,0,0,BPL,BPL Station,553,556.9429163486269,3.942916348626895,62.210929805144204,7,3,9,9,0,0,0,0,0,2,0.0,0.0
10148,2024-01-18,6,0,0,NGP,NGP Station,1250,1252.7238696994762,2.723869699476121,109.67847074488904,4,3,20,20,0,0,0,0,0,1,0.0,0.0
10148,2024-01-18,7,0,0,JP,JP Station,1346,1348.2429579653817,2.2429579653816805,92.554691058886,7,3,22,22,0,0,0,0,0,0,0.0,0.0
10149,2024-01-19,1,1,0,AK,AK Station,210,212.51019622119816,2.5101962211981435,0.0,1,4,3,3,0,0,0,0,0,0,3.0,3.0
10149,2024-01-19,2,0,0,MAS,MAS Station,95,98.05957073257946,3.059570732579452,61.54246184376891,9,4,1,1,3,3,3,3,3,1,3.0,0.0
10149,2024-01-19,3,0,0,JP,JP Station,662,664.5348518099347,2.5348518099347643,79.50461709664205,6,4,11,11,3,3,3,3,3,1,7.0,4.0
10149,2024-01-19,4,0,0,HDP,HDP Station,1315,1321.3127750200138,6.31277502001376,116.12122923685453,1,4,21,21,7,7,7,7,7,2,3.0,-4.0
10149,2024-01-19,5,0,0,MUMBAI,MUMBAI Station,393,399.08467699598395,6.084676995983983,96.87608647071764,9,4,6,6,3,3,3,3,3,2,0.0,-3.0
10149,2024-01-19,6,0,0,NGP,NGP Station,616,619.7661677899747,3.7661677899747175,58.186775953582924,4,4,10,10,0,0,0,0,0,1,5.0,5.0
10149,2024-01-19,7,0,0,BSL,BSL Station,1092,1092.9780063234493,0.9780063234492467,70.66236948071963,4,4,18,18,5,5,5,5,5,1,0.0,-5.0
10149,2024-01-19,8,0,0,BPL,BPL Station,39,41.2644723487322,2.2644723487321974,55.6979971335426,8,4,0,0,0,0,0,0,0,0,6.0,6.0
10149,2024-01-19,9,0,0,PUNE,PUNE Station,446,446.89670602136596,0.8967060213659348,65.27043426815302,5,4,7,7,6,6,6,6,6,0,8.0,2.0
10150,2024-01-15,1,1,0,BSL,BSL Station,1146,1148.227356774723,2.227356774722941,0.0,3,0,19,19,3,0,0,3,3,3,4.0,1.0
10150,2024-01-15,2,0,0,MAS,MAS Station,466,467.9785452108753,1.978545210875326,71.31783926383824,9,0,7,7,4,4,4,4,4,3,4.0,0.0
10150,2024-01-15,3,0,0,NGP,NGP Station,173,176.0337694615966,3.033769461596591,44.44874786301831,8,0,2,2,4,4,4,4,4,3,1.0,-3.0
10150,2024-01-15,4,0,0,MUMBAI,MUMBAI Station,888,890.4605779322227,2.4605779322226584,34.523701201321664,7,0,14,14,1,1,1,1,1,2,0.0,-1.0
10150,2024-01-15,5,0,0,BPL,BPL Station,1176,1179.0532473111089,3.0532473111089127,97.50333848648123,6,0,19,19,0,0,0,0,0,1,0.0,0.0
10150,2024-01-15,6,0,0,PUNE,PUNE Station,972,975.196582799591,3.1965827995911043,81.35628365900553,1,0,16,16,0,0,0,0,0,0,0.0,0.0
10151,2024-01-16,1,1,0,NGP,NGP Station,993,993.4752707909454,0.4752707909453946,0.0,7,1,16,16,0,0,0,0,0,0,4.0,4.0
10151,2024-01-16,2,0,0,PUNE,PUNE Station,650,651.9281944085329,1.928194408532926,122.69333105039743,9,1,10,10,4,4,4,4,4,2,0.0,-4.0
10151,2024-01-16,3,0,0,HDP,HDP Station,1348,1350.2065023786954,2.2065023786953093,68.48526703116778,7,1,22,22,0,0,0,0,0,1,6.0,6.0
10151,2024-01-16,4,0,0,MAS,MAS Station,941,941.304712218601,0.30471221860106423,69.90564889597135,2,1,15,15,6,6,6,6,6,2,5.0,-1.0
10151,2024-01-16,5,0,0,JP,JP Station,544,549.8932659460327,5.893265946032635,90.93056931867417,5,1,9,9,5,5,5,5,5,2,7.0,2.0
10151,2024-01-16,6,0,0,BPL,BPL Station,800,804.7514271199398,4.751427119939739,115.29969329985086,1,1,13,13,7,7,7,7,7,2,0.0,-7.0
10151,2024-01-16,7,0,0,MUMBAI,MUMBAI Station,459,459.0447772475032,0.044777247503198225,87.8248875018439,1,1,7,7,0,0,0,0,0,1,0.0,0.0
10151,2024-01-16,8,0,0,AK,AK Station,466,467.3071139903544,1.3071139903544482,75.50191936350413,6,1,7,7,0,0,0,0,0,0,7.0,7.0
10151,2024-01-16,9,0,0,AMI,AMI Station,140,142.61116417732177,2.6111641773217813,67.21589656765336,8,1,2,2,7,7,7,7,7,0,2.0,-5.0
10152,2024-01-17,1,1,0,JP,JP Station,353,356.1870603545457,3.1870603545456975,0.0,5,2,5,5,2,0,0,2,2,2,3.0,1.0
10152,2024-01-17,2,0,0,HDP,HDP Station,889,892.0509114661536,3.050911466153595,89.34341145512045,8,2,14,14,3,3,3,3,3,2,7.0,4.0
10152,2024-01-17,3,0,0,PUNE,PUNE Station,196,198.92712129582821,2.9271212958282247,69.23892857776772,9,2,3,3,7,7,7,7,7,3,0.0,-7.0
10152,2024-01-17,4,0,0,BPL,BPL Station,1400,1402.6488529426895,2.64885294268956,54.37805691942248,9,2,23,23,0,0,0,0,0,2,0.0,0.0
10152,2024-01-17,5,0,0,MAS,MAS Station,1187,1188.4211792121948,1.4211792121948346,68.3024244744732,5,2,19,19,0,0,0,0,0,1,0.0,0.0
10152,2024-01-17,6,0,0,NGP,NGP Station,70,72.64646442540976,2.646464425409757,98.68258850111846,5,2,1,1,0,0,0,0,0,0,0.0,0.0
10152,2024-01-17,7,0,0,MUMBAI,MUMBAI Station,1174,1176.4892319329333,2.4892319329332344,94.7091159022223,2,2,19,19,0,0,0,0,0,0,1.0,1.0
10152,2024-01-17,8,0,0,AMI,AMI Station,1021,1025.646144747125,4.646144747124872,103.38876026786454,1,2,17,17,1,1,1,1,1,0,3.0,2.0
10152,2024-01-17,9,0,0,AK,AK Station,847,847.0522723792291,0.052272379229078236,89.42105370377575,5,2,14,14,3,3,3,3,3,0,6.0,3.0
10153,2024-01-18,1,1,0,MUMBAI,MUMBAI Station,380,381.71990078894135,1.719900788941333,0.0,4,3,6,6,9,0,0,9,9,9,6.0,-3.0
10153,2024-01-18,2,0,0,BPL,BPL Station,506,509.1616222019391,3.161622201939101,48.63248569137936,7,3,8,8,6,6,6,6,6,7,0.0,-6.0
10153,2024-01-18,3,0,0,HDP,HDP Station,56,58.93333554220806,2.933335542208065,100.91700995667188,3,3,0,0,0,0,0,0,0,4,0.0,0.0
10153,2024-01-18,4,0,0,MAS,MAS Station,1032,1034.5181044961098,2.518104496109886,111.91887166915893,3,3,17,17,0,0,0,0,0,3,10.0,10.0
10153,2024-01-18,5,0,0,JP,JP Station,755,757.6431195073354,2.643119507335432,71.5002712268406,1,3,12,12,10,10,10,10,10,4,1.0,-9.0
10153,2024-01-18,6,0,0,BSL,BSL Station,313,316.11475790775893,3.1147579077589325,48.98400288011704,2,3,5,5,1,1,1,1,1,3,0.0,-1.0
10153,2024-01-18,7,0,0,NGP,NGP Station,817,818.3337609751181,1.3337609751180823,85.07831228097781,2,3,13,13,0,0,0,0,0,2,3.0,3.0
10153,2024-01-18,8,0,0,AK,AK Station,144,145.68627776303055,1.68627776303056,108.76830843578229,2,3,2,2,3,3,3,3,3,2,0.0,-3.0
10153,2024-01-18,9,0,0,AMI,AMI Station,1005,1007.2972719092126,2.297271909212524,70.64495743012574,8,3,16,16,0,0,0,0,0,1,8.0,8.0
10154,2024-01-19,1,1,0,AMI,AMI Station,491,494.6673438425148,3.6673438425148266,0.0,6,4,8,8,11,0,0,11,11,11,0.0,-11.0
10154,2024-01-19,2,0,0,BPL,BPL Station,732,732.9903209573357,0.9903209573357112,114.92822602091508,3,4,12,12,0,0,0,0,0,5,0.0,0.0
10154,2024-01-19,3,0,0,MAS,MAS Station,1036,1037.7826696847856,1.7826696847856036,96.65438659170376,9,4,17,17,0,0,0,0,0,3,2.0,2.0
10154,2024-01-19,4,0,0,HDP,HDP Station,1151,1155.8899778516934,4.889977851693327,107.03798876368633,8,4,19,19,2,2,2,2,2,2,0.0,-2.0
10154,2024-01-19,5,0,0,JP,JP Station,1413,1415.0099577766339,2.009957776633885,84.00969924905044,3,4,23,23,0,0,0,0,0,1,1.0,1.0
10154,2024-01-19,6,0,0,PUNE,PUNE Station,999,1000.645913318132,1.6459133181320342,85.88236395912259,5,4,16,16,1,1,1,1,1,1,1.0,0.0
10154,2024-01-19,7,0,0,AK,AK Station,1249,1252.2497396906726,3.249739690672687,85.4124862527049,8,4,20,20,1,1,1,1,1,1,9.0,8.0
10154,2024-01-19,8,0,0,NGP,NGP Station,236,239.17656112769143,3.176561127691437,56.56477453343666,2,4,3,3,9,9,9,9,9,2,9.0,0.0
10154,2024-01-19,9,0,0,BSL,BSL Station,960,962.844398645698,2.8443986456979626,86.14344808350542,3,4,16,16,9,9,9,9,9,2,9.0,0.0
10155,2024-01-15,1,1,0,AMI,AMI Station,866,870.2391647550409,4.239164755040806,0.0,5,0,14,14,11,0,0,11,11,11,0.0,-11.0
10155,2024-01-15,2,0,0,BSL,BSL Station,205,210.4498442747799,5.449844274779911,61.85413113015195,5,0,3,3,0,0,0,0,0,5,0.0,0.0
10155,2024-01-15,3,0,0,JP,JP Station,646,651.201775667496,5.201775667495965,89.39473884806029,2,0,10,10,0,0,0,0,0,3,0.0,0.0
10155,2024-01-15,4,0,0,AK,AK Station,895,896.1254907771096,1.125490777109603,106.77342097770382,5,0,14,14,0,0,0,0,0,2,6.0,6.0
10155,2024-01-15,5,0,0,MAS,MAS Station,695,699.2313843186646,4.231384318664563,71.76980062646257,3,0,11,11,6,6,6,6,6,2,2.0,-4.0
10155,2024-01-15,6,0,0,PUNE,PUNE Station,779,781.4862094425689,2.4862094425689083,112.12373676247762,7,0,12,12,2,2,2,2,2,2,1.0,-1.0
10155,2024-01-15,7,0,0,NGP,NGP Station,1227,1230.2901095507846,3.2901095507845755,91.19383761159473,5,0,20,20,1,1,1,1,1,1,0.0,-1.0
10155,2024-01-15,8,0,0,MUMBAI,MUMBAI Station,594,598.6465081585204,4.646508158520402,93.87529157289642,1,0,9,9,0,0,0,0,0,0,0.0,0.0
10156,2024-01-16,1,1,0,AK,AK Station,717,718.7468845764123,1.7468845764122627,0.0,1,1,11,11,9,0,0,9,9,9,6.0,-3.0
10156,2024-01-16,2,0,0,JP,JP Station,1053,1058.4077748769998,5.407774876999726,100.09562236478334,8,1,17,17,6,6,6,6,6,7,6.0,0.0
10156,2024-01-16,3,0,0,PUNE,PUNE Station,505,506.76120325602534,1.761203256025315,78.57717024743638,7,1,8,8,6,6,6,6,6,6,4.0,-2.0
10156,2024-01-16,4,0,0,BPL,BPL Station,1035,1039.1502125780903,4.150212578090279,91.40972184517834,9,1,17,17,4,4,4,4,4,5,4.0,0.0
10157,2024-01-17,1,1,0,AK,AK Station,476,478.8580894448153,2.858089444815259,0.0,2,2,7,7,10,0,0,10,10,10,6.0,-4.0
10157,2024-01-17,2,0,0,NGP,NGP Station,1171,1173.6356148307352,2.6356148307352787,82.25748189880898,1,2,19,19,6,6,6,6,6,8,3.0,-3.0
10157,2024-01-17,3,0,0,MUMBAI,MUMBAI Station,1406,1408.823602321013,2.8236023210128027,72.54033477298947,1,2,23,23,3,3,3,3,3,6,0.0,-3.0
10157,2024-01-17,4,0,0,BSL,BSL Station,419,421.52003520597344,2.520035205973463,76.9868675732761,9,2,6,6,0,0,0,0,0,4,0.0,0.0
10157,2024-01-17,5,0,0,PUNE,PUNE Station,1007,1008.1041787563888,1.1041787563888334,109.36050151741168,8,2,16,16,0,0,0,0,0,3,0.0,0.0
10157,2024-01-17,6,0,0,JP,JP Station,1316,1316.3632348259011,0.3632348259010345,131.0838768251214,4,2,21,21,0,0,0,0,0,2,2.0,2.0
10158,2024-01-18,1,1,0,BSL,BSL Station,901,901.8326540155537,0.8326540155536106,0.0,5,3,15,15,11,0,0,11,11,11,5.0,-6.0
10158,2024-01-18,2,0,0,NGP,NGP Station,301,301.17495685805324,0.17495685805326255,90.56986298090173,7,3,5,5,5,5,5,5,5,8,6.0,1.0
10158,2024-01-18,3,0,0,HDP,HDP Station,1413,1413.8763434804162,0.8763434804162644,116.02031325309419,4,3,23,23,6,6,6,6,6,7,0.0,-6.0
10158,2024-01-18,4,0,0,AK,AK Station,767,769.8801996030733,2.8801996030732115,87.75070847146972,7,3,12,12,0,0,0,0,0,5,0.0,0.0
10158,2024-01-18,5,0,0,BPL,BPL Station,376,380.9956485165682,4.995648516568225,87.5882562305306,1,3,6,6,0,0,0,0,0,4,0.0,0.0
10158,2024-01-18,6,0,0,MAS,MAS Station,91,93.27148188313743,2.2714818831374295,70.00702231371552,3,3,1,1,0,0,0,0,0,3,1.0,1.0
10158,2024-01-18,7,0,0,JP,JP Station,1297,1301.8826581248745,4.8826581248746255,103.73418408697131,9,3,21,21,1,1,1,1,1,2,0.0,-1.0
10158,2024-01-18,8,0,0,MUMBAI,MUMBAI Station,1053,1056.2449290796203,3.2449290796201984,83.24244449052387,6,3,17,17,0,0,0,0,0,1,0.0,0.0
10158,2024-01-18,9,0,0,AMI,AMI Station,320,323.1402043734367,3.140204373436712,98.36855860973293,8,3,5,5,0,0,0,0,0,0,5.0,5.0
10159,2024-01-19,1,1,0,AK,AK Station,547,550.3402286338811,3.340228633881065,0.0,1,4,9,9,5,0,0,5,5,5,3.0,-2.0
10159,2024-01-19,2,0,0,JP,JP Station,585,590.2969902034713,5.296990203471348,96.74174585467362,8,4,9,9,3,3,3,3,3,4,5.0,2.0
10159,2024-01-19,3,0,0,BSL,BSL Station,555,557.7285884305334,2.7285884305333235,96.9538180603846,7,4,9,9,5,5,5,5,5,4,0.0,-5.0
10159,2024-01-19,4,0,0,MAS,MAS Station,1115,1115.0,0.0,66.42661527404957,6,4,18,18,0,0,0,0,0,3,2.0,2.0
10159,2024-01-19,5,0,0,AMI,AMI Station,54,55.719483887568096,1.7194838875680944,61.12148905852486,6,4,0,0,2,2,2,2,2,2,0.0,-2.0
10159,2024-01-19,6,0,0,NGP,NGP Station,121,123.62147644256913,2.6214764425691306,77.20422218020934,3,4,2,2,0,0,0,0,0,1,1.0,1.0
10159,2024-01-19,7,0,0,BPL,BPL Station,226,226.915329785211,0.9153297852109965,91.19826474182523,9,4,3,3,1,1,1,1,1,1,8.0,7.0
10159,2024-01-19,8,0,0,HDP,HDP Station,1094,1096.3147365549748,2.31473655497478,119.07541909917036,6,4,18,18,8,8,8,8,8,1,4.0,-4.0
10159,2024-01-19,9,0,0,PUNE,PUNE Station,315,317.275975104529,2.2759751045289756,78.81672329881583,9,4,5,5,4,4,4,4,4,1,2.0,-2.0
10160,2024-01-15,1,1,0,AK,AK Station,1276,1279.067203684582,3.0672036845819095,0.0,3,0,21,21,0,0,0,0,0,0,0.0,0.0
10160,2024-01-15,2,0,0,MUMBAI,MUMBAI Station,1097,1101.0390080513791,4.0390080513790965,96.25245267744658,5,0,18,18,0,0,0,0,0,0,0.0,0.0
10160,2024-01-15,3,0,0,BSL,BSL Station,841,844.6887702510023,3.6887702510022953,84.10844719000009,8,0,14,14,0,0,0,0,0,0,11.0,11.0
10160,2024-01-15,4,0,0,NGP,NGP Station,1435,1440.924993370626,5.924993370625977,75.85120910375625,4,0,23,23,11,11,11,11,11,2,8.0,-3.0
10160,2024-01-15,5,0,0,PUNE,PUNE Station,509,512.7780529145205,3.7780529145204644,109.01095463987025,8,0,8,8,8,8,8,8,8,3,3.0,-5.0
10160,2024-01-15,6,0,0,JP,JP Station,1363,1365.6381124466734,2.6381124466733996,77.32290723445554,2,0,22,22,3,3,3,3,3,3,0.0,-3.0
10160,2024-01-15,7,0,0,HDP,HDP Station,771,775.3372818276088,4.337281827608745,85.01721507520877,5,0,12,12,0,0,0,0,0,2,4.0,4.0
10160,2024-01-15,8,0,0,BPL,BPL Station,1294,1296.3379618127278,2.3379618127277224,132.41987131690217,3,0,21,21,4,4,4,4,4,2,1.0,-3.0
10160,2024-01-15,9,0,0,AMI,AMI Station,655,657.6705968586616,2.6705968586616393,69.837400864463,1,0,10,10,1,1,1,1,1,1,0.0,-1.0
10161,2024-01-16,1,1,0,PUNE,PUNE Station,186,188.5258719875906,2.5258719875905866,0.0,3,1,3,3,10,0,0,10,10,10,4.0,-6.0
10161,2024-01-16,2,0,0,AK,AK Station,466,468.9083540056485,2.9083540056484773,91.38983225439267,9,1,7,7,4,4,4,4,4,7,0.0,-4.0
10161,2024-01-16,3,0,0,BPL,BPL Station,7,9.375667035330796,2.375667035330795,88.3897696499485,4,1,0,0,0,0,0,0,0,4,2.0,2.0
10161,2024-01-16,4,0,0,MAS,MAS Station,806,808.0561689907289,2.056168990728956,75.86586463253988,3,1,13,13,2,2,2,2,2,3,5.0,3.0
10161,2024-01-16,5,0,0,JP,JP Station,604,606.4103457438407,2.4103457438406815,116.50847031387521,5,1,10,10,5,5,5,5,5,3,0.0,-5.0
10161,2024-01-16,6,0,0,AMI,AMI Station,337,341.0061149125869,4.0061149125869076,96.10993773960368,7,1,5,5,0,0,0,0,0,2,0.0,0.0
10161,2024-01-16,7,0,0,NGP,NGP Station,229,232.01315876738468,3.0131587673846796,69.44060646142782,5,1,3,3,0,0,0,0,0,1,0.0,0.0
10161,2024-01-16,8,0,0,HDP,HDP Station,787,790.0515000828533,3.051500082853253,82.75001994235863,9,1,13,13,0,0,0,0,0,0,0.0,0.0
10161,2024-01-16,9,0,0,BSL,BSL Station,411,416.68860309799607,5.68860309799609,116.77159287435394,3,1,6,6,0,0,0,0,0,0,0.0,0.0
10162,2024-01-17,1,1,0,AK,AK Station,241,242.76965722604132,1.769657226041316,0.0,2,2,4,4,9,0,0,9,9,9,8.0,-1.0
10162,2024-01-17,2,0,0,MAS,MAS Station,101,103.67406838478466,2.6740683847846585,94.55225253090003,7,2,1,1,8,8,8,8,8,8,4.0,-4.0
10162,2024-01-17,3,0,0,JP,JP Station,1305,1309.7302542746722,4.7302542746723155,113.2514733637568,1,2,21,21,4,4,4,4,4,6,5.0,1.0
10162,2024-01-17,4,0,0,MUMBAI,MUMBAI Station,1407,1409.2561735257407,2.256173525740641,116.49663064044535,5,2,23,23,5,5,5,5,5,5,0.0,-5.0
10162,2024-01-17,5,0,0,HDP,HDP Station,925,927.1399328322116,2.139932832211561,92.14062797606485,5,2,15,15,0,0,0,0,0,4,0.0,0.0
10162,2024-01-17,6,0,0,BSL,BSL Station,1254,1254.7773491661308,0.7773491661307688,72.22280603928651,6,2,20,20,0,0,0,0,0,3,0.0,0.0
10162,2024-01-17,7,0,0,PUNE,PUNE Station,365,368.293604071655,3.2936040716549995,109.46741071658342,6,2,6,6,0,0,0,0,0,2,0.0,0.0
10162,2024-01-17,8,0,0,AMI,AMI Station,14,16.80236271771233,2.802362717712331,107.58028309114015,2,2,0,0,0,0,0,0,0,1,3.0,3.0
10162,2024-01-17,9,0,0,NGP,NGP Station,1092,1095.1504345837607,3.1504345837605583,85.720891416249,8,2,18,18,3,3,3,3,3,1,3.0,0.0
10163,2024-01-18,1,1,0,HDP,HDP Station,1283,1285.6218554833124,2.6218554833124976,0.0,9,3,21,21,4,0,0,4,4,4,2.0,-2.0
10163,2024-01-18,2,0,0,NGP,NGP Station,253,253.28261226949752,0.28261226949751617,69.90048169800225,6,3,4,4,2,2,2,2,2,3,0.0,-2.0
10163,2024-01-18,3,0,0,AMI,AMI Station,528,531.7348759636087,3.7348759636087667,79.82046943218593,8,3,8,8,0,0,0,0,0,2,5.0,5.0
10163,2024-01-18,4,0,0,MUMBAI,MUMBAI Station,1007,1012.6187884554097,5.618788455409704,104.45349649776597,8,3,16,16,5,5,5,5,5,2,6.0,1.0
10163,2024-01-18,5,0,0,AK,AK Station,865,865.7431692496231,0.7431692496231008,78.39075588434828,7,3,14,14,6,6,6,6,6,2,0.0,-6.0
10163,2024-01-18,6,0,0,BPL,BPL Station,618,620.2938673513129,2.293867351312827,112.4237628513981,6,3,10,10,0,0,0,0,0,1,6.0,6.0
10163,2024-01-18,7,0,0,MAS,MAS Station,962,965.3399546262232,3.3399546262231476,125.03719948604041,2,3,16,16,6,6,6,6,6,1,4.0,-2.0
10164,2024-01-19,1,1,0,MUMBAI,MUMBAI Station,1267,1270.13668730088,3.136687300880065,0.0,4,4,21,21,1,0,0,1,1,1,0.0,-1.0
10164,2024-01-19,2,0,0,AMI,AMI Station,203,207.37879483852657,4.378794838526584,127.75371553733186,8,4,3,3,0,0,0,0,0,0,1.0,1.0
10164,2024-01-19,3,0,0,PUNE,PUNE Station,536,538.4023320875159,2.4023320875159495,81.06713906370787,2,4,8,8,1,1,1,1,1,0,0.0,-1.0
10164,2024-01-19,4,0,0,NGP,NGP Station,77,81.92593561501016,4.925935615010156,94.75472511359723,7,4,1,1,0,0,0,0,0,0,0.0,0.0
10165,2024-01-15,1,1,0,PUNE,PUNE Station,1237,1239.4488248962057,2.448824896205728,0.0,4,0,20,20,10,0,0,10,10,10,5.0,-5.0
10165,2024-01-15,2,0,0,AK,AK Station,64,67.69732009133936,3.6973200913393693,102.74963209672634,9,0,1,1,5,5,5,5,5,7,4.0,-1.0
10165,2024-01-15,3,0,0,MUMBAI,MUMBAI Station,1233,1237.8670052652262,4.8670052652262425,107.05688540188683,7,0,20,20,4,4,4,4,4,6,7.0,3.0
10165,2024-01-15,4,0,0,HDP,HDP Station,1177,1179.5558980071419,2.5558980071419053,59.882470253153976,8,0,19,19,7,7,7,7,7,6,6.0,-1.0
10166,2024-01-16,1,1,0,BPL,BPL Station,1236,1238.4591858118988,2.459185811898741,0.0,5,1,20,20,1,0,0,1,1,1,0.0,-1.0
10166,2024-01-16,2,0,0,NGP,NGP Station,39,40.41583264621937,1.41583264621937,113.40521662736175,2,1,0,0,0,0,0,0,0,0,0.0,0.0
10166,2024-01-16,3,0,0,PUNE,PUNE Station,1125,1127.5152485014462,2.515248501446273,95.37624712824308,3,1,18,18,0,0,0,0,0,0,4.0,4.0
10166,2024-01-16,4,0,0,MAS,MAS Station,506,509.93959539964436,3.939595399644359,73.1311784668655,7,1,8,8,4,4,4,4,4,1,3.0,-1.0
10166,2024-01-16,5,0,0,BSL,BSL Station,828,831.2571146938552,3.257114693855258,101.74195852600592,2,1,13,13,3,3,3,3,3,1,5.0,2.0
10166,2024-01-16,6,0,0,JP,JP Station,1017,1018.4932367536007,1.493236753600765,139.1974397005876,8,1,16,16,5,5,5,5,5,1,5.0,0.0
10166,2024-01-16,7,0,0,AK,AK Station,1203,1207.5405687782666,4.540568778266641,77.38358012185117,8,1,20,20,5,5,5,5,5,1,5.0,0.0
10166,2024-01-16,8,0,0,AMI,AMI Station,1314,1318.2825595240765,4.282559524076475,80.82169956455995,9,1,21,21,5,5,5,5,5,1,5.0,0.0
10166,2024-01-16,9,0,0,MUMBAI,MUMBAI Station,960,963.9206194396596,3.9206194396596463,52.26324983784552,6,1,16,16,5,5,5,5,5,1,8.0,3.0
10167,2024-01-17,1,1,0,NGP,NGP Station,980,982.0382526059047,2.0382526059047246,0.0,9,2,16,16,2,0,0,2,2,2,0.0,-2.0
10167,2024-01-17,2,0,0,BSL,BSL Station,336,339.64977661711,3.6497766171099952,98.50965366126863,4,2,5,5,0,0,0,0,0,1,0.0,0.0
10167,2024-01-17,3,0,0,PUNE,PUNE Station,802,803.2427738671782,1.2427738671782844,60.36957721913086,7,2,13,13,0,0,0,0,0,0,7.0,7.0
10167,2024-01-17,4,0,0,JP,JP Station,858,863.711446208506,5.711446208506029,122.82857255444628,7,2,14,14,7,7,7,7,7,1,9.0,2.0
10167,2024-01-17,5,0,0,MUMBAI,MUMBAI Station,807,808.7208035587302,1.7208035587301502,52.72887919414386,8,2,13,13,9,9,9,9,9,2,10.0,1.0
10167,2024-01-17,6,0,0,BPL,BPL Station,510,514.181896878744,4.181896878744079,99.22727042160186,6,2,8,8,10,10,10,10,10,3,5.0,-5.0
10167,2024-01-17,7,0,0,MAS,MAS Station,393,396.5822786934821,3.5822786934821003,104.47164571820113,8,2,6,6,5,5,5,5,5,3,0.0,-5.0
10168,2024-01-18,1,1,0,MUMBAI,MUMBAI Station,1028,1030.8746121948727,2.874612194872687,0.0,6,3,17,17,9,0,0,9,9,9,7.0,-2.0
10168,2024-01-18,2,0,0,HDP,HDP Station,755,756.5304671910294,1.5304671910294014,61.746397480518745,9,3,12,12,7,7,7,7,7,8,5.0,-2.0
10168,2024-01-18,3,0,0,PUNE,PUNE Station,589,590.0145256437368,1.0145256437367316,81.28197061819134,6,3,9,9,5,5,5,5,5,7,6.0,1.0
10168,2024-01-18,4,0,0,JP,JP Station,566,570.634008963975,4.634008963975037,93.0371719150322,4,3,9,9,6,6,6,6,6,6,3.0,-3.0
10168,2024-01-18,5,0,0,BSL,BSL Station,755,757.6571227875097,2.657122787509746,89.97753679388387,8,3,12,12,3,3,3,3,3,5,2.0,-1.0
10168,2024-01-18,6,0,0,MAS,MAS Station,1161,1163.5288179791178,2.528817979117695,60.84417223970301,2,3,19,19,2,2,2,2,2,4,9.0,7.0
10168,2024-01-18,7,0,0,BPL,BPL Station,1154,1156.1161194038075,2.1161194038073985,64.93196563409963,4,3,19,19,9,9,9,9,9,4,0.0,-9.0
10168,2024-01-18,8,0,0,NGP,NGP Station,455,457.4811390789998,2.4811390789997585,99.89500225070401,1,3,7,7,0,0,0,0,0,3,0.0,0.0
10168,2024-01-18,9,0,0,AMI,AMI Station,57,60.35079765151387,3.3507976515138704,113.29981765127846,5,3,0,0,0,0,0,0,0,2,2.0,2.0
10169,2024-01-19,1,1,0,BPL,BPL Station,1406,1408.514277379729,2.5142773797289424,0.0,7,4,23,23,6,0,0,6,6,6,4.0,-2.0
10169,2024-01-19,2,0,0,AK,AK Station,219,222.67189601006908,3.6718960100690854,96.49273580858805,4,4,3,3,4,4,4,4,4,5,0.0,-4.0
10169,2024-01-19,3,0,0,NGP,NGP Station,1198,1201.8332390909466,3.8332390909465635,71.19424963658791,1,4,19,19,0,0,0,0,0,3,0.0,0.0
10169,2024-01-19,4,0,0,JP,JP Station,1113,1114.8504710861025,1.850471086102476,88.424231998394,2,4,18,18,0,0,0,0,0,2,0.0,0.0
10169,2024-01-19,5,0,0,PUNE,PUNE Station,878,880.3278775643939,2.3278775643939413,86.49233494628966,5,4,14,14,0,0,0,0,0,1,1.0,1.0
10170,2024-01-15,1,1,0,JP,JP Station,493,495.80445807853096,2.804458078530977,0.0,1,0,8,8,10,0,0,10,10,10,5.0,-5.0
10170,2024-01-15,2,0,0,AK,AK Station,746,748.3142387792855,2.314238779285456,64.08039958704464,4,0,12,12,5,5,5,5,5,7,5.0,0.0
10170,2024-01-15,3,0,0,NGP,NGP Station,1084,1085.4172097899059,1.417209789905772,96.18079855347796,2,0,18,18,5,5,5,5,5,6,0.0,-5.0
10170,2024-01-15,4,0,0,BPL,BPL Station,471,472.9764815401811,1.9764815401811016,76.8323456411911,4,0,7,7,0,0,0,0,0,4,0.0,0.0
10170,2024-01-15,5,0,0,PUNE,PUNE Station,1327,1330.34284541005,3.3428454100498164,77.7043785258283,6,0,22,22,0,0,0,0,0,3,5.0,5.0
10170,2024-01-15,6,0,0,BSL,BSL Station,1041,1045.6245759833305,4.624575983330374,71.2584150036685,4,0,17,17,5,5,5,5,5,3,2.0,-3.0
10171,2024-01-16,1,1,0,MUMBAI,MUMBAI Station,776,779.0697180038072,3.069718003807182,0.0,6,1,12,12,25,0,0,25,25,25,20.0,-5.0
10171,2024-01-16,2,0,0,AMI,AMI Station,167,169.32253836623457,2.3225383662345798,78.15771613620603,3,1,2,2,20,20,20,20,20,22,13.0,-7.0
10171,2024-01-16,3,0,0,BSL,BSL Station,1034,1038.5723059515128,4.572305951512914,73.23647035336937,2,1,17,17,13,13,13,13,13,19,5.0,-8.0
10171,2024-01-16,4,0,0,BPL,BPL Station,381,384.7194379793274,3.7194379793273593,112.98056125996587,5,1,6,6,5,5,5,5,5,15,1.0,-4.0
10172,2024-01-17,1,1,0,PUNE,PUNE Station,242,245.3178187682433,3.317818768243326,0.0,2,2,4,4,0,0,0,0,0,0,0.0,0.0
10172,2024-01-17,2,0,0,MAS,MAS Station,574,578.6281143833057,4.62811438330576,72.78035789316276,7,2,9,9,0,0,0,0,0,0,0.0,0.0
10172,2024-01-17,3,0,0,BPL,BPL Station,810,811.5683653505371,1.5683653505371349,102.81776649027242,4,2,13,13,0,0,0,0,0,0,5.0,5.0
10172,2024-01-17,4,0,0,BSL,BSL Station,1017,1018.4518938043169,1.451893804316964,100.40336197892033,9,2,16,16,5,5,5,5,5,1,2.0,-3.0
10172,2024-01-17,5,0,0,JP,JP Station,104,107.12191575138661,3.121915751386603,113.57686888051288,5,2,1,1,2,2,2,2,2,1,0.0,-2.0
10172,2024-01-17,6,0,0,MUMBAI,MUMBAI Station,13,16.812496036773908,3.812496036773907,91.65226545586624,6,2,0,0,0,0,0,0,0,0,4.0,4.0
10172,2024-01-17,7,0,0,NGP,NGP Station,367,369.8591446469304,2.8591446469304294,113.26001939410608,1,2,6,6,4,4,4,4,4,0,0.0,-4.0
10172,2024-01-17,8,0,0,AMI,AMI Station,1366,1369.3127379558634,3.312737955863371,90.0292570962758,9,2,22,22,0,0,0,0,0,0,1.0,1.0
10173,2024-01-18,1,1,0,NGP,NGP Station,1157,1159.563702244714,2.563702244713988,0.0,3,3,19,19,9,0,0,9,9,9,6.0,-3.0
10173,2024-01-18,2,0,0,MAS,MAS Station,735,736.2599898748192,1.2599898748191607,125.11913447581756,1,3,12,12,6,6,6,6,6,7,1.0,-5.0
10173,2024-01-18,3,0,0,AK,AK Station,489,490.69014778373554,1.690147783735526,106.57931218962537,3,3,8,8,1,1,1,1,1,5,0.0,-1.0
10173,2024-01-18,4,0,0,HDP,HDP Station,1294,1297.9351119609926,3.935111960992541,119.09652348293301,8,3,21,21,0,0,0,0,0,3,6.0,6.0
10174,2024-01-19,1,1,0,AMI,AMI Station,1300,1300.6314398333232,0.6314398333231068,0.0,7,4,21,21,4,0,0,4,4,4,0.0,-4.0
10174,2024-01-19,2,0,0,BPL,BPL Station,244,249.1982884888329,5.198288488832889,98.73579788048718,5,4,4,4,0,0,0,0,0,2,0.0,0.0
10174,2024-01-19,3,0,0,JP,JP Station,354,357.32807739921225,3.3280773992122317,86.66370518603213,2,4,5,5,0,0,0,0,0,1,10.0,10.0
10174,2024-01-19,4,0,0,AK,AK Station,49,52.085637977163614,3.085637977163611,79.52034633404033,2,4,0,0,10,10,10,10,10,3,0.0,-10.0
10174,2024-01-19,5,0,0,NGP,NGP Station,30,33.819109757712404,3.8191097577124014,80.68594330681852,1,4,0,0,0,0,0,0,0,2,1.0,1.0
10174,2024-01-19,6,0,0,BSL,BSL Station,691,693.1856986078712,2.1856986078711946,111.28771883067957,4,4,11,11,1,1,1,1,1,1,4.0,3.0
10174,2024-01-19,7,0,0,MUMBAI,MUMBAI Station,772,773.0949898483136,1.0949898483136697,111.73267083683061,2,4,12,12,4,4,4,4,4,1,0.0,-4.0
10174,2024-01-19,8,0,0,HDP,HDP Station,430,432.6066659573616,2.606665957361611,64.38424366665579,9,4,7,7,0,0,0,0,0,0,1.0,1.0
10174,2024-01-19,9,0,0,MAS,MAS Station,430,432.526856797038,2.526856797037995,66.93280391125106,2,4,7,7,1,1,1,1,1,0,0.0,-1.0
10175,2024-01-15,1,1,0,BPL,BPL Station,657,661.0595560458759,4.059556045875899,0.0,4,0,10,10,4,0,0,4,4,4,0.0,-4.0
10175,2024-01-15,2,0,0,MUMBAI,MUMBAI Station,507,508.4588149633641,1.4588149633640706,106.98226591212818,9,0,8,8,0,0,0,0,0,2,2.0,2.0
10175,2024-01-15,3,0,0,JP,JP Station,1299,1299.5902921998047,0.5902921998047064,58.60258182199679,6,0,21,21,2,2,2,2,2,2,5.0,3.0
10175,2024-01-15,4,0,0,AK,AK Station,667,669.8988301621672,2.898830162167227,113.87223510345176,9,0,11,11,5,5,5,5,5,2,6.0,1.0
10176,2024-01-16,1,1,0,AK,AK Station,917,920.2961345715389,3.2961345715388726,0.0,6,1,15,15,0,0,0,0,0,0,0.0,0.0
10176,2024-01-16,2,0,0,PUNE,PUNE Station,536,539.8254002957314,3.8254002957313995,82.77035588844954,7,1,8,8,0,0,0,0,0,0,1.0,1.0
10176,2024-01-16,3,0,0,BPL,BPL Station,826,828.8728724631577,2.872872463157683,79.13222515808665,3,1,13,13,1,1,1,1,1,0,0.0,-1.0
10176,2024-01-16,4,0,0,AMI,AMI Station,1203,1205.8442812733956,2.84428127339555,66.39079029535836,6,1,20,20,0,0,0,0,0,0,0.0,0.0
10177,2024-01-17,1,1,0,JP,JP Station,1376,1378.8322293438705,2.8322293438705306,0.0,8,2,22,22,1,0,0,1,1,1,3.0,2.0
10177,2024-01-17,2,0,0,BSL,BSL Station,497,500.3863357877847,3.386335787784698,122.65552493572163,5,2,8,8,3,3,3,3,3,2,5.0,2.0
10177,2024-01-17,3,0,0,PUNE,PUNE Station,1353,1356.21971341748,3.2197134174799773,109.23612945021239,1,2,22,22,5,5,5,5,5,3,0.0,-5.0
10177,2024-01-17,4,0,0,MAS,MAS Station,554,556.7924970769755,2.792497076975433,82.4515319773934,6,2,9,9,0,0,0,0,0,2,2.0,2.0
10177,2024-01-17,5,0,0,AK,AK Station,78,82.12252024034045,4.12252024034045,88.73924339941544,4,2,1,1,2,2,2,2,2,2,8.0,6.0
10178,2024-01-18,1,1,0,PUNE,PUNE Station,1206,1206.7764048195063,0.7764048195063467,0.0,9,3,20,20,3,0,0,3,3,3,1.0,-2.0
10178,2024-01-18,2,0,0,HDP,HDP Station,482,487.57698958351284,5.576989583512837,101.59671133189225,8,3,8,8,1,1,1,1,1,2,9.0,8.0
10178,2024-01-18,3,0,0,JP,JP Station,843,846.928624754082,3.928624754082015,82.48982038721002,6,3,14,14,9,9,9,9,9,4,8.0,-1.0
10178,2024-01-18,4,0,0,MAS,MAS Station,549,550.2212063119271,1.2212063119270073,90.93159162951883,1,3,9,9,8,8,8,8,8,5,3.0,-5.0
10178,2024-01-18,5,0,0,MUMBAI,MUMBAI Station,251,255.5234418259917,4.523441825991706,93.74918764177822,9,3,4,4,3,3,3,3,3,4,0.0,-3.0
10179,2024-01-19,1,1,0,NGP,NGP Station,895,897.7636501636745,2.7636501636745177,0.0,5,4,14,14,9,0,0,9,9,9,4.0,-5.0
10179,2024-01-19,2,0,0,BSL,BSL Station,25,28.44828769562587,3.448287695625869,102.70506129696142,7,4,0,0,4,4,4,4,4,6,0.0,-4.0
10179,2024-01-19,3,0,0,MAS,MAS Station,770,776.037636625238,6.03763662523793,91.26464293026203,2,4,12,12,0,0,0,0,0,4,0.0,0.0
10179,2024-01-19,4,0,0,HDP,HDP Station,1094,1097.826316916058,3.8263169160579324,76.21040604984205,2,4,18,18,0,0,0,0,0,3,3.0,3.0
10179,2024-01-19,5,0,0,MUMBAI,MUMBAI Station,1185,1189.2162955991407,4.2162955991407856,99.9326922995979,8,4,19,19,3,3,3,3,3,3,2.0,-1.0
10179,2024-01-19,6,0,0,BPL,BPL Station,736,738.892877532441,2.8928775324410196,60.661881092961615,1,4,12,12,2,2,2,2,2,2,6.0,4.0
10179,2024-01-19,7,0,0,JP,JP Station,641,644.4961757098074,3.496175709807354,132.71374818826746,6,4,10,10,6,6,6,6,6,2,13.0,7.0
10179,2024-01-19,8,0,0,PUNE,PUNE Station,1186,1187.43582901925,1.435829019250028,77.88497925977424,4,4,19,19,13,13,13,13,13,3,5.0,-8.0
10179,2024-01-19,9,0,0,AMI,AMI Station,738,742.2946316790079,4.29463167900787,95.30327845493174,6,4,12,12,5,5,5,5,5,3,1.0,-4.0
10180,2024-01-15,1,1,0,BSL,BSL Station,801,803.0908742516705,2.090874251670512,0.0,2,0,13,13,0,0,0,0,0,0,4.0,4.0
10180,2024-01-15,2,0,0,JP,JP Station,615,619.0793992464373,4.079399246437337,79.72267156939054,1,0,10,10,4,4,4,4,4,2,2.0,-2.0
10180,2024-01-15,3,0,0,PUNE,PUNE Station,1309,1309.5023120555438,0.5023120555439333,49.965196650474766,1,0,21,21,2,2,2,2,2,2,0.0,-2.0
10180,2024-01-15,4,0,0,HDP,HDP Station,1327,1328.5681478278318,1.5681478278317482,71.39153910276042,8,0,22,22,0,0,0,0,0,1,1.0,1.0
10180,2024-01-15,5,0,0,AMI,AMI Station,1042,1047.0881428661817,5.088142866181775,84.36942580271358,1,0,17,17,1,1,1,1,1,1,0.0,-1.0
10180,2024-01-15,6,0,0,MUMBAI,MUMBAI Station,586,590.8372540880544,4.837254088054363,48.5035616408636,6,0,9,9,0,0,0,0,0,0,0.0,0.0
10180,2024-01-15,7,0,0,MAS,MAS Station,665,668.6949522653514,3.694952265351346,83.33904758048955,3,0,11,11,0,0,0,0,0,0,0.0,0.0
10180,2024-01-15,8,0,0,NGP,NGP Station,1400,1401.3800648859203,1.3800648859202989,63.95267361870794,6,0,23,23,0,0,0,0,0,0,0.0,0.0
10180,2024-01-15,9,0,0,AK,AK Station,700,703.5081372434206,3.508137243420549,87.43203468164782,1,0,11,11,0,0,0,0,0,0,6.0,6.0
10181,2024-01-16,1,1,0,MAS,MAS Station,177,181.09836628033435,4.0983662803343375,0.0,7,1,2,2,14,0,0,14,14,14,13.0,-1.0
10181,2024-01-16,2,0,0,PUNE,PUNE Station,866,867.3985373550012,1.3985373550011369,70.44435510640508,3,1,14,14,13,13,13,13,13,13,0.0,-13.0
10181,2024-01-16,3,0,0,JP,JP Station,1051,1054.4839484774654,3.483948477465458,75.24489506334236,6,1,17,17,0,0,0,0,0,8,0.0,0.0
10181,2024-01-16,4,0,0,MUMBAI,MUMBAI Station,20,20.705113651985577,0.7051136519855756,87.23928756235519,2,1,0,0,0,0,0,0,0,6,3.0,3.0
10181,2024-01-16,5,0,0,AMI,AMI Station,846,848.5881330003706,2.5881330003705565,67.62953031576735,4,1,14,14,3,3,3,3,3,5,8.0,5.0
10181,2024-01-16,6,0,0,AK,AK Station,1141,1145.2884991399856,4.288499139985562,116.57904539502832,4,1,19,19,8,8,8,8,8,5,5.0,-3.0
10181,2024-01-16,7,0,0,NGP,NGP Station,570,572.8146083706489,2.8146083706489278,83.8173800937384,8,1,9,9,5,5,5,5,5,5,8.0,3.0
10181,2024-01-16,8,0,0,HDP,HDP Station,408,409.7363406273605,1.7363406273604793,97.4965068215861,1,1,6,6,8,8,8,8,8,5,9.0,1.0
10182,2024-01-17,1,1,0,AK,AK Station,9,11.402277532301468,2.4022775323014685,0.0,4,2,0,0,0,0,0,0,0,0,0.0,0.0
10182,2024-01-17,2,0,0,HDP,HDP Station,660,662.7611785427409,2.761178542740977,70.27060187037634,9,2,11,11,0,0,0,0,0,0,0.0,0.0
10182,2024-01-17,3,0,0,BPL,BPL Station,183,187.52010289644755,4.520102896447561,103.34130945456708,8,2,3,3,0,0,0,0,0,0,3.0,3.0
10182,2024-01-17,4,0,0,AMI,AMI Station,1154,1156.768013692063,2.76801369206294,88.79737953983896,2,2,19,19,3,3,3,3,3,0,0.0,-3.0
10183,2024-01-18,1,1,0,BPL,BPL Station,408,411.29185797137444,3.291857971374464,0.0,4,3,6,6,3,0,0,3,3,3,0.0,-3.0
10183,2024-01-18,2,0,0,NGP,NGP Station,1363,1363.6944308734148,0.6944308734149316,70.80001885409342,2,3,22,22,0,0,0,0,0,1,0.0,0.0
10183,2024-01-18,3,0,0,AK,AK Station,624,628.9559615557719,4.955961555771821,87.40455551203083,6,3,10,10,0,0,0,0,0,0,5.0,5.0
10183,2024-01-18,4,0,0,PUNE,PUNE Station,914,915.6291221673939,1.6291221673939527,108.45532364056893,8,3,15,15,5,5,5,5,5,1,8.0,3.0
10184,2024-01-19,1,1,0,JP,JP Station,300,300.4490591255229,0.44905912552293303,0.0,7,4,5,5,0,0,0,0,0,0,6.0,6.0
10184,2024-01-19,2,0,0,NGP,NGP Station,942,942.5878509618168,0.5878509618167662,104.54038614708163,3,4,15,15,6,6,6,6,6,3,0.0,-6.0
10184,2024-01-19,3,0,0,AK,AK Station,459,462.1731801984343,3.1731801984343018,95.90449516690485,4,4,7,7,0,0,0,0,0,2,4.0,4.0
10184,2024-01-19,4,0,0,HDP,HDP Station,419,422.25813931419776,3.258139314197745,90.9144559137089,2,4,6,6,4,4,4,4,4,2,3.0,-1.0
10184,2024-01-19,5,0,0,AMI,AMI Station,1367,1370.4405355052756,3.440535505275622,94.33378194995346,6,4,22,22,3,3,3,3,3,2,9.0,6.0
10184,2024-01-19,6,0,0,MUMBAI,MUMBAI Station,998,999.8081812878929,1.8081812878929504,33.54730083510947,8,4,16,16,9,9,9,9,9,3,7.0,-2.0
10185,2024-01-15,1,1,0,PUNE,PUNE Station,810,813.2673652765254,3.2673652765254415,0.0,9,0,13,13,0,0,0,0,0,0,0.0,0.0
10185,2024-01-15,2,0,0,NGP,NGP Station,128,131.47275230569764,3.4727523056976306,86.77560297502366,5,0,2,2,0,0,0,0,0,0,2.0,2.0
10185,2024-01-15,3,0,0,MUMBAI,MUMBAI Station,730,734.0025309517652,4.002530951765188,72.06828918705617,1,0,12,12,2,2,2,2,2,0,0.0,-2.0
10185,2024-01-15,4,0,0,HDP,HDP Station,1212,1215.5486445461356,3.548644546135704,113.26459510281555,5,0,20,20,0,0,0,0,0,0,0.0,0.0
10185,2024-01-15,5,0,0,BSL,BSL Station,266,267.2680484919067,1.2680484919067336,118.53934808820819,5,0,4,4,0,0,0,0,0,0,0.0,0.0
10186,2024-01-16,1,1,0,BSL,BSL Station,1161,1163.1336986039712,2.1336986039711805,0.0,6,1,19,19,1,0,0,1,1,1,0.0,-1.0
10186,2024-01-16,2,0,0,MUMBAI,MUMBAI Station,1342,1343.549078334558,1.5490783345580648,92.14458576838305,6,1,22,22,0,0,0,0,0,0,3.0,3.0
10186,2024-01-16,3,0,0,HDP,HDP Station,411,413.3673231460076,2.3673231460076005,67.43824200033426,7,1,6,6,3,3,3,3,3,1,0.0,-3.0
10186,2024-01-16,4,0,0,MAS,MAS Station,442,445.67211751151933,3.6721175115193376,92.38381626015183,8,1,7,7,0,0,0,0,0,0,0.0,0.0
10186,2024-01-16,5,0,0,BPL,BPL Station,1274,1276.0632862356874,2.0632862356873467,113.58825226176776,3,1,21,21,0,0,0,0,0,0,2.0,2.0
10186,2024-01-16,6,0,0,NGP,NGP Station,203,207.3664166057592,4.366416605759213,106.68525515779073,4,1,3,3,2,2,2,2,2,0,1.0,-1.0
10186,2024-01-16,7,0,0,JP,JP Station,706,706.1939716238229,0.19397162382285993,82.88232200280198,9,1,11,11,1,1,1,1,1,0,0.0,-1.0
10186,2024-01-16,8,0,0,PUNE,PUNE Station,1238,1241.9918457662966,3.991845766296485,101.41891389207746,4,1,20,20,0,0,0,0,0,0,0.0,0.0
10187,2024-01-17,1,1,0,JP,JP Station,163,164.12106094552456,1.1210609455245693,0.0,7,2,2,2,6,0,0,6,6,6,1.0,-5.0
10187,2024-01-17,2,0,0,BSL,BSL Station,330,332.41326544162075,2.4132654416207364,73.0913563239005,7,2,5,5,1,1,1,1,1,3,2.0,1.0
10187,2024-01-17,3,0,0,PUNE,PUNE Station,1174,1174.3596924157794,0.3596924157794241,103.01482074132929,3,2,19,19,2,2,2,2,2,2,7.0,5.0
10187,2024-01-17,4,0,0,HDP,HDP Station,844,846.5792371230633,2.5792371230632956,117.95688614062996,4,2,14,14,7,7,7,7,7,3,7.0,0.0
10187,2024-01-17,5,0,0,BPL,BPL Station,806,808.5447683607523,2.5447683607523466,129.886898994397,6,2,13,13,7,7,7,7,7,3,4.0,-3.0
10187,2024-01-17,6,0,0,AMI,AMI Station,1390,1392.419032692665,2.4190326926649712,68.0264125313123,6,2,23,23,4,4,4,4,4,3,6.0,2.0
10187,2024-01-17,7,0,0,MUMBAI,MUMBAI Station,346,348.2788351577431,2.2788351577430945,113.99960435895889,9,2,5,5,6,6,6,6,6,3,3.0,-3.0
10187,2024-01-17,8,0,0,AK,AK Station,941,943.6573521184005,2.6573521184004623,86.576412604072,2,2,15,15,3,3,3,3,3,3,0.0,-3.0
10187,2024-01-17,9,0,0,NGP,NGP Station,39,42.68834673029741,3.688346730297411,116.23885245864113,7,2,0,0,0,0,0,0,0,2,0.0,0.0
10188,2024-01-18,1,1,0,NGP,NGP Station,759,764.4962880821759,5.496288082175849,0.0,8,3,12,12,1,0,0,1,1,1,0.0,-1.0
10188,2024-01-18,2,0,0,JP,JP Station,646,649.7877684723829,3.787768472382896,43.3942933193572,9,3,10,10,0,0,0,0,0,0,4.0,4.0
10188,2024-01-18,3,0,0,BSL,BSL Station,1004,1008.6691587767226,4.669158776722583,94.94542904217512,1,3,16,16,4,4,4,4,4,1,2.0,-2.0
10188,2024-01-18,4,0,0,HDP,HDP Station,1060,1064.1583449002248,4.158344900224937,81.32871934472902,5,3,17,17,2,2,2,2,2,1,0.0,-2.0
10188,2024-01-18,5,0,0,MUMBAI,MUMBAI Station,1131,1133.7575598773071,2.7575598773071563,60.95716129166342,6,3,18,18,0,0,0,0,0,0,3.0,3.0
10188,2024-01-18,6,0,0,AK,AK Station,1022,1022.7586047064007,0.758604706400642,93.61742222964865,2,3,17,17,3,3,3,3,3,0,2.0,-1.0
10188,2024-01-18,7,0,0,BPL,BPL Station,928,929.8512105360858,1.8512105360858102,86.45848218982346,9,3,15,15,2,2,2,2,2,0,0.0,-2.0
10188,2024-01-18,8,0,0,AMI,AMI Station,505,508.80458382827135,3.8045838282713644,56.577056704093025,8,3,8,8,0,0,0,0,0,0,0.0,0.0
10188,2024-01-18,9,0,0,MAS,MAS Station,798,799.181014301065,1.1810143010650294,70.41495333991266,7,3,13,13,0,0,0,0,0,0,11.0,11.0
10189,2024-01-19,1,1,0,AK,AK Station,865,870.1654207106918,5.165420710691842,0.0,3,4,14,14,6,0,0,6,6,6,0.0,-6.0
10189,2024-01-19,2,0,0,NGP,NGP Station,1265,1269.9128086046487,4.912808604648667,89.80295156776775,5,4,21,21,0,0,0,0,0,3,0.0,0.0
10189,2024-01-19,3,0,0,BPL,BPL Station,500,502.06396947013496,2.063969470134975,106.8905121262907,4,4,8,8,0,0,0,0,0,2,0.0,0.0
10189,2024-01-19,4,0,0,JP,JP Station,719,723.5497847965447,4.549784796544722,53.77953714236017,3,4,11,11,0,0,0,0,0,1,6.0,6.0
10189,2024-01-19,5,0,0,AMI,AMI Station,1096,1101.3093159815346,5.309315981534601,81.44777204808014,1,4,18,18,6,6,6,6,6,2,6.0,0.0
10189,2024-01-19,6,0,0,MUMBAI,MUMBAI Station,1145,1148.0527133369312,3.052713336931308,90.53300870435349,7,4,19,19,6,6,6,6,6,2,1.0,-5.0
10189,2024-01-19,7,0,0,BSL,BSL Station,702,704.3646849999138,2.36468499991383,58.82394461164165,3,4,11,11,1,1,1,1,1,1,0.0,-1.0
10189,2024-01-19,8,0,0,HDP,HDP Station,498,500.3660129570743,2.3660129570743176,92.5999645160319,6,4,8,8,0,0,0,0,0,0,0.0,0.0
10189,2024-01-19,9,0,0,PUNE,PUNE Station,908,910.2078417778663,2.20784177786624,95.52951252266357,1,4,15,15,0,0,0,0,0,0,4.0,4.0
10190,2024-01-15,1,1,0,AMI,AMI Station,1156,1157.466904455089,1.466904455089014,0.0,8,0,19,19,0,0,0,0,0,0,0.0,0.0
10190,2024-01-15,2,0,0,MAS,MAS Station,63,67.33494126075126,4.334941260751259,140.63242819932918,8,0,1,1,0,0,0,0,0,0,1.0,1.0
10190,2024-01-15,3,0,0,JP,JP Station,972,974.0498345478437,2.04983454784368,61.08963704509353,4,0,16,16,1,1,1,1,1,0,0.0,-1.0
10190,2024-01-15,4,0,0,AK,AK Station,531,532.8248253886494,1.8248253886494077,128.5818280243714,7,0,8,8,0,0,0,0,0,0,0.0,0.0
10190,2024-01-15,5,0,0,MUMBAI,MUMBAI Station,1086,1089.3902775295887,3.390277529588679,99.9833824563567,7,0,18,18,0,0,0,0,0,0,0.0,0.0
10190,2024-01-15,6,0,0,HDP,HDP Station,881,884.8889056676027,3.8889056676026255,97.66328046430144,5,0,14,14,0,0,0,0,0,0,4.0,4.0
10190,2024-01-15,7,0,0,BSL,BSL Station,254,256.7573490782515,2.7573490782514964,78.57098790691497,8,0,4,4,4,4,4,4,4,0,0.0,-4.0
10191,2024-01-16,1,1,0,BSL,BSL Station,1231,1234.7238005647318,3.7238005647317776,0.0,8,1,20,20,5,0,0,5,5,5,3.0,-2.0
10191,2024-01-16,2,0,0,NGP,NGP Station,685,687.7452700417342,2.7452700417342015,89.41654601546878,5,1,11,11,3,3,3,3,3,4,6.0,3.0
10191,2024-01-16,3,0,0,BPL,BPL Station,1164,1166.0800983610698,2.080098361069651,80.80603713997799,1,1,19,19,6,6,6,6,6,4,0.0,-6.0
10191,2024-01-16,4,0,0,MUMBAI,MUMBAI Station,220,223.55389566647486,3.553895666474857,78.68352979292644,7,1,3,3,0,0,0,0,0,3,0.0,0.0
10191,2024-01-16,5,0,0,HDP,HDP Station,1222,1228.0066975959096,6.006697595909614,73.90048681499783,5,1,20,20,0,0,0,0,0,2,0.0,0.0
10191,2024-01-16,6,0,0,MAS,MAS Station,856,858.8625050637246,2.862505063724632,85.16143542529427,4,1,14,14,0,0,0,0,0,1,0.0,0.0
10191,2024-01-16,7,0,0,AK,AK Station,186,191.52997703050184,5.529977030501846,76.1971832490221,3,1,3,3,0,0,0,0,0,0,0.0,0.0
10191,2024-01-16,8,0,0,PUNE,PUNE Station,89,93.12500854190552,4.1250085419055225,111.67085742610766,5,1,1,1,0,0,0,0,0,0,0.0,0.0
10191,2024-01-16,9,0,0,JP,JP Station,1277,1280.506738873898,3.5067388738979828,97.15855399969765,7,1,21,21,0,0,0,0,0,0,5.0,5.0
10192,2024-01-17,1,1,0,AMI,AMI Station,164,166.94758774931205,2.947587749312051,0.0,6,2,2,2,0,0,0,0,0,0,0.0,0.0
10192,2024-01-17,2,0,0,MUMBAI,MUMBAI Station,871,873.1053390977017,2.1053390977017123,74.40341440936014,4,2,14,14,0,0,0,0,0,0,4.0,4.0
10192,2024-01-17,3,0,0,HDP,HDP Station,1097,1099.4018343682533,2.4018343682533203,80.92110212123939,4,2,18,18,4,4,4,4,4,1,6.0,2.0
10192,2024-01-17,4,0,0,BPL,BPL Station,1261,1264.3863907909358,3.3863907909357813,69.02713842388805,5,2,21,21,6,6,6,6,6,2,0.0,-6.0
10192,2024-01-17,5,0,0,NGP,NGP Station,589,590.7548942573061,1.7548942573061446,70.24840009669396,4,2,9,9,0,0,0,0,0,1,0.0,0.0
10192,2024-01-17,6,0,0,AK,AK Station,1183,1185.435896788333,2.435896788332822,88.4266953427492,4,2,19,19,0,0,0,0,0,0,0.0,0.0
10192,2024-01-17,7,0,0,BSL,BSL Station,270,272.3472866858967,2.347286685896671,70.55675564113349,5,2,4,4,0,0,0,0,0,0,4.0,4.0
10192,2024-01-17,8,0,0,MAS,MAS Station,785,787.0597652632232,2.0597652632232464,121.82322153657996,4,2,13,13,4,4,4,4,4,0,2.0,-2.0
10192,2024-01-17,9,0,0,JP,JP Station,1092,1095.736235177815,3.7362351778149705,81.72282313781291,6,2,18,18,2,2,2,2,2,0,7.0,5.0
10193,2024-01-18,1,1,0,BPL,BPL Station,882,886.4276724904854,4.4276724904854365,0.0,1,3,14,14,11,0,0,11,11,11,1.0,-10.0
10193,2024-01-18,2,0,0,MAS,MAS Station,827,829.500027508238,2.500027508237994,100.73614938449808,7,3,13,13,1,1,1,1,1,6,0.0,-1.0
10193,2024-01-18,3,0,0,AMI,AMI Station,1381,1383.7584736365063,2.7584736365063707,76.14837645219067,2,3,23,23,0,0,0,0,0,4,0.0,0.0
10193,2024-01-18,4,0,0,AK,AK Station,782,786.3841184281965,4.384118428196489,119.71318243694876,2,3,13,13,0,0,0,0,0,3,0.0,0.0
10194,2024-01-19,1,1,0,PUNE,PUNE Station,1382,1384.1345535125292,2.1345535125293433,0.0,9,4,23,23,1,0,0,1,1,1,0.0,-1.0
10194,2024-01-19,2,0,0,BPL,BPL Station,557,559.6146064515228,2.6146064515228247,108.88266659886519,4,4,9,9,0,0,0,0,0,0,0.0,0.0
10194,2024-01-19,3,0,0,HDP,HDP Station,1125,1127.5983517219126,2.598351721912733,116.45406439977958,6,4,18,18,0,0,0,0,0,0,8.0,8.0
10194,2024-01-19,4,0,0,MUMBAI,MUMBAI Station,968,970.0594296405015,2.059429640501583,71.15167176766695,8,4,16,16,8,8,8,8,8,2,8.0,0.0
10194,2024-01-19,5,0,0,AMI,AMI Station,485,485.0,0.0,69.60397332610813,3,4,8,8,8,8,8,8,8,3,13.0,5.0
10194,2024-01-19,6,0,0,MAS,MAS Station,1283,1285.931255978358,2.9312559783579286,75.91863013967141,8,4,21,21,13,13,13,13,13,4,9.0,-4.0
10194,2024-01-19,7,0,0,NGP,NGP Station,246,246.0,0.0,104.03175462114399,8,4,4,4,9,9,9,9,9,4,16.0,7.0
10194,2024-01-19,8,0,0,JP,JP Station,172,172.84060958825467,0.840609588254674,109.07520511622707,9,4,2,2,16,16,16,16,16,5,8.0,-8.0
10194,2024-01-19,9,0,0,BSL,BSL Station,172,176.74606477927597,4.746064779275976,73.02992133643293,5,4,2,2,8,8,8,8,8,5,14.0,6.0
10195,2024-01-15,1,1,0,HDP,HDP Station,1361,1363.9678977531362,2.967897753136203,0.0,4,0,22,22,4,0,0,4,4,4,13.0,9.0
10195,2024-01-15,2,0,0,PUNE,PUNE Station,629,631.9227058427203,2.922705842720339,73.81854676115096,4,0,10,10,13,13,13,13,13,8,7.0,-6.0
10195,2024-01-15,3,0,0,AK,AK Station,518,519.3649542567896,1.364954256789531,101.11652055150255,5,0,8,8,7,7,7,7,7,7,9.0,2.0
10195,2024-01-15,4,0,0,AMI,AMI Station,475,478.80488465097443,3.804884650974421,114.10098913677814,9,0,7,7,9,9,9,9,9,7,6.0,-3.0
10195,2024-01-15,5,0,0,MAS,MAS Station,704,705.9382530826491,1.9382530826490973,99.40027322493323,2,0,11,11,6,6,6,6,6,6,8.0,2.0
10195,2024-01-15,6,0,0,BPL,BPL Station,960,961.2029675304975,1.20296753049757,86.73493681801233,1,0,16,16,8,8,8,8,8,6,6.0,-2.0
10195,2024-01-15,7,0,0,BSL,BSL Station,320,324.65143307093604,4.651433070936013,78.25743225555308,2,0,5,5,6,6,6,6,6,6,8.0,2.0
10195,2024-01-15,8,0,0,NGP,NGP Station,81,83.44123575219929,2.441235752199293,69.07169527612577,1,0,1,1,8,8,8,8,8,6,2.0,-6.0
10195,2024-01-15,9,0,0,MUMBAI,MUMBAI Station,792,794.0661804772324,2.066180477232419,55.677855744577485,2,0,13,13,2,2,2,2,2,5,0.0,-2.0
10196,2024-01-16,1,1,0,BSL,BSL Station,632,634.1739120765917,2.1739120765916784,0.0,7,1,10,10,0,0,0,0,0,0,3.0,3.0
10196,2024-01-16,2,0,0,HDP,HDP Station,776,779.6513954748831,3.6513954748831075,56.16077560624851,8,1,12,12,3,3,3,3,3,1,4.0,1.0
10196,2024-01-16,3,0,0,BPL,BPL Station,396,400.52308849301284,4.523088493012835,66.5633739905495,8,1,6,6,4,4,4,4,4,2,7.0,3.0
10196,2024-01-16,4,0,0,MAS,MAS Station,1359,1360.4624124036166,1.4624124036164408,104.68440543327569,7,1,22,22,7,7,7,7,7,3,0.0,-7.0
10196,2024-01-16,5,0,0,PUNE,PUNE Station,890,892.3247676202359,2.3247676202359076,31.94145356196909,1,1,14,14,0,0,0,0,0,2,0.0,0.0
10196,2024-01-16,6,0,0,JP,JP Station,677,679.2570289927999,2.2570289927998135,84.19846787314891,1,1,11,11,0,0,0,0,0,1,0.0,0.0
10196,2024-01-16,7,0,0,MUMBAI,MUMBAI Station,479,482.14909113434214,3.1490911343421444,73.49290686076188,9,1,7,7,0,0,0,0,0,0,1.0,1.0
10196,2024-01-16,8,0,0,AK,AK Station,303,303.7893616479849,0.7893616479849035,96.29943743110664,1,1,5,5,1,1,1,1,1,0,0.0,-1.0
10197,2024-01-17,1,1,0,BPL,BPL Station,1401,1403.6699197389426,2.669919738942458,0.0,6,2,23,23,15,0,0,15,15,15,8.0,-7.0
10197,2024-01-17,2,0,0,HDP,HDP Station,804,810.6925425257772,6.6925425257772355,88.96090458198444,3,2,13,13,8,8,8,8,8,11,10.0,2.0
10197,2024-01-17,3,0,0,MUMBAI,MUMBAI Station,928,930.3902096123453,2.390209612345259,87.7302921832674,2,2,15,15,10,10,10,10,10,10,7.0,-3.0
10197,2024-01-17,4,0,0,AMI,AMI Station,445,450.86607696140555,5.866076961405547,91.76680703399126,9,2,7,7,7,7,7,7,7,9,11.0,4.0
10197,2024-01-17,5,0,0,AK,AK Station,1367,1370.4258665881046,3.4258665881045713,89.8587419089834,4,2,22,22,11,11,11,11,11,9,6.0,-5.0
10197,2024-01-17,6,0,0,BSL,BSL Station,1433,1436.714649600286,3.714649600286086,107.42070470621532,5,2,23,23,6,6,6,6,6,8,0.0,-6.0
10197,2024-01-17,7,0,0,PUNE,PUNE Station,302,302.0,0.0,86.84674851047808,8,2,5,5,0,0,0,0,0,6,0.0,0.0
10198,2024-01-18,1,1,0,PUNE,PUNE Station,75,77.40878460097066,2.408784600970656,0.0,5,3,1,1,0,0,0,0,0,0,0.0,0.0
10198,2024-01-18,2,0,0,HDP,HDP Station,314,316.11783605330675,2.117836053306748,93.85371484610174,3,3,5,5,0,0,0,0,0,0,1.0,1.0
10198,2024-01-18,3,0,0,JP,JP Station,1133,1136.0359700285235,3.0359700285233893,87.57051962899911,1,3,18,18,1,1,1,1,1,0,0.0,-1.0
10198,2024-01-18,4,0,0,NGP,NGP Station,573,575.30620055053,2.306200550529932,97.75359758065693,9,3,9,9,0,0,0,0,0,0,1.0,1.0
10198,2024-01-18,5,0,0,BSL,BSL Station,100,103.49599642765321,3.4959964276532136,87.15983653972546,9,3,1,1,1,1,1,1,1,0,0.0,-1.0
10199,2024-01-19,1,1,0,AK,AK Station,279,284.14297662428584,5.142976624285813,0.0,5,4,4,4,0,0,0,0,0,0,7.0,7.0
10199,2024-01-19,2,0,0,NGP,NGP Station,630,633.368503029952,3.368503029951972,109.12632078916096,7,4,10,10,7,7,7,7,7,3,1.0,-6.0
10199,2024-01-19,3,0,0,JP,JP Station,299,302.5299171881694,3.5299171881694233,57.03272399011305,8,4,4,4,1,1,1,1,1,2,0.0,-1.0
10199,2024-01-19,4,0,0,AMI,AMI Station,587,592.3811009036233,5.381100903623306,107.29897676023273,1,4,9,9,0,0,0,0,0,1,0.0,0.0
10199,2024-01-19,5,0,0,MUMBAI,MUMBAI Station,1180,1182.3134845105174,2.3134845105173505,111.4295186050912,8,4,19,19,0,0,0,0,0,0,4.0,4.0
10199,2024-01-19,6,0,0,MAS,MAS Station,1114,1117.305915786274,3.3059157862739923,61.916875207655025,2,4,18,18,4,4,4,4,4,0,0.0,-4.0
10199,2024-01-19,7,0,0,PUNE,PUNE Station,438,442.2340236398612,4.234023639861215,96.70634512794615,4,4,7,7,0,0,0,0,0,0,3.0,3.0
10199,2024-01-19,8,0,0,BSL,BSL Station,822,824.4428693827298,2.4428693827297874,99.06844167387153,2,4,13,13,3,3,3,3,3,0,13.0,10.0
10199,2024-01-19,9,0,0,HDP,HDP Station,988,989.2790402743765,1.2790402743764826,85.69504283809216,6,4,16,16,13,13,13,13,13,1,12.0,-1.0
